Class,CBO,DIT,LCOM,WMC
org.apache.fontbox.afm.AFMParser-2.0.30,12,0.0,1,99
org.apache.fontbox.afm.AFMParserTest-2.0.30,2,0.0,1,1
org.apache.fontbox.afm.CharMetric-2.0.30,6,0.0,14,29
org.apache.fontbox.afm.Composite-2.0.30,3,0.0,2,5
org.apache.fontbox.afm.CompositePart-2.0.30,2,0.0,3,6
org.apache.fontbox.afm.FontMetrics-2.0.30,13,0.0,35,88
org.apache.fontbox.afm.KernPair-2.0.30,2,0.0,4,8
org.apache.fontbox.afm.Ligature-2.0.30,2,0.0,2,4
org.apache.fontbox.afm.TrackKern-2.0.30,2,0.0,5,10
org.apache.fontbox.cff.CFFCIDFont-2.0.30,12,1.0,6,29
org.apache.fontbox.cff.CFFCIDFont.PrivateType1CharStringReader-2.0.30,3,0.0,1,1
org.apache.fontbox.cff.CFFCharset-2.0.30,12,0.0,1,23
org.apache.fontbox.cff.CFFDataInput-2.0.30,2,1.0,5,8
org.apache.fontbox.cff.CFFEncoding-2.0.30,7,1.0,2,3
org.apache.fontbox.cff.CFFExpertCharset-2.0.30,2,1.0,1,3
org.apache.fontbox.cff.CFFExpertEncoding-2.0.30,2,2.0,1,3
org.apache.fontbox.cff.CFFExpertSubsetCharset-2.0.30,2,1.0,1,3
org.apache.fontbox.cff.CFFFont-2.0.30,16,0.0,8,15
org.apache.fontbox.cff.CFFISOAdobeCharset-2.0.30,2,1.0,1,3
org.apache.fontbox.cff.CFFOperator-2.0.30,4,0.0,3,12
org.apache.fontbox.cff.CFFOperator.Key-2.0.30,2,0.0,1,9
org.apache.fontbox.cff.CFFParser-2.0.30,38,0.0,1,138
org.apache.fontbox.cff.CFFParser.CFFBuiltInEncoding-2.0.30,5,2.0,0,0
org.apache.fontbox.cff.CFFParser.CFFBuiltInEncoding.Supplement-2.0.30,2,0.0,3,4
org.apache.fontbox.cff.CFFParser.DictData-2.0.30,3,0.0,1,12
org.apache.fontbox.cff.CFFParser.DictData.Entry-2.0.30,3,0.0,1,13
org.apache.fontbox.cff.CFFParser.EmbeddedCharset-2.0.30,5,1.0,0,1
org.apache.fontbox.cff.CFFParser.EmptyCharset-2.0.30,3,2.0,0,3
org.apache.fontbox.cff.CFFParser.Format0Charset-2.0.30,2,2.0,0,2
org.apache.fontbox.cff.CFFParser.Format0Encoding-2.0.30,2,3.0,0,1
org.apache.fontbox.cff.CFFParser.Format0FDSelect-2.0.30,4,1.0,1,4
org.apache.fontbox.cff.CFFParser.Format1Charset-2.0.30,4,2.0,1,10
org.apache.fontbox.cff.CFFParser.Format1Encoding-2.0.30,2,3.0,0,1
org.apache.fontbox.cff.CFFParser.Format2Charset-2.0.30,4,2.0,1,8
org.apache.fontbox.cff.CFFParser.Format3FDSelect-2.0.30,4,1.0,1,8
org.apache.fontbox.cff.CFFParser.Header-2.0.30,1,0.0,0,1
org.apache.fontbox.cff.CFFParser.Range3-2.0.30,2,0.0,0,1
org.apache.fontbox.cff.CFFParser.RangeMapping-2.0.30,3,0.0,1,8
org.apache.fontbox.cff.CFFParserTest-2.0.30,4,0.0,1,5
org.apache.fontbox.cff.CFFStandardEncoding-2.0.30,2,2.0,1,3
org.apache.fontbox.cff.CFFStandardString-2.0.30,2,0.0,1,2
org.apache.fontbox.cff.CFFType1Font-2.0.30,13,1.0,2,23
org.apache.fontbox.cff.CFFType1Font.PrivateType1CharStringReader-2.0.30,3,0.0,1,1
org.apache.fontbox.cff.CIDKeyedType2CharString-2.0.30,3,2.0,1,2
org.apache.fontbox.cff.CharStringCommand-2.0.30,6,0.0,1,11
org.apache.fontbox.cff.CharStringCommand.Key-2.0.30,4,0.0,1,12
org.apache.fontbox.cff.CharStringHandler-2.0.30,3,0.0,1,4
org.apache.fontbox.cff.DataInput-2.0.30,6,0.0,1,21
org.apache.fontbox.cff.DataOutput-2.0.30,1,0.0,1,9
org.apache.fontbox.cff.FDSelect-2.0.30,4,0.0,1,1
org.apache.fontbox.cff.Type1CharString-2.0.30,15,0.0,1,66
org.apache.fontbox.cff.Type1CharStringParser-2.0.30,4,0.0,1,29
org.apache.fontbox.cff.Type1FontUtil-2.0.30,2,0.0,3,15
org.apache.fontbox.cff.Type1FontUtilTest-2.0.30,1,2.0,1,11
org.apache.fontbox.cff.Type2CharString-2.0.30,9,1.0,3,75
org.apache.fontbox.cff.Type2CharStringParser-2.0.30,6,0.0,1,37
org.apache.fontbox.cmap.CIDRange-2.0.30,1,0.0,1,7
org.apache.fontbox.cmap.CMap-2.0.30,12,0.0,7,46
org.apache.fontbox.cmap.CMapParser-2.0.30,9,0.0,2,122
org.apache.fontbox.cmap.CMapParser.LiteralName-2.0.30,1,0.0,0,1
org.apache.fontbox.cmap.CMapParser.Operator-2.0.30,1,0.0,0,1
org.apache.fontbox.cmap.CodespaceRange-2.0.30,4,0.0,1,17
org.apache.fontbox.cmap.TestCMap-2.0.30,4,2.0,2,2
org.apache.fontbox.cmap.TestCMapParser-2.0.30,3,2.0,7,8
org.apache.fontbox.cmap.TestCodespaceRange-2.0.30,1,2.0,3,3
org.apache.fontbox.encoding.BuiltInEncoding-2.0.30,4,1.0,0,2
org.apache.fontbox.encoding.Encoding-2.0.30,8,0.0,1,5
org.apache.fontbox.encoding.MacRomanEncoding-2.0.30,1,1.0,0,2
org.apache.fontbox.encoding.StandardEncoding-2.0.30,3,1.0,0,2
org.apache.fontbox.pfb.PfbParser-2.0.30,3,0.0,2,21
org.apache.fontbox.pfb.PfbParserTest-2.0.30,3,0.0,2,3
org.apache.fontbox.ttf.BufferedRandomAccessFile-2.0.30,2,0.0,1,16
org.apache.fontbox.ttf.BufferedRandomAccessFileTest-2.0.30,1,0.0,2,3
org.apache.fontbox.ttf.CFFTable-2.0.30,12,1.0,1,3
org.apache.fontbox.ttf.CFFTable.CFFBytesource-2.0.30,3,0.0,1,2
org.apache.fontbox.ttf.CmapSubtable-2.0.30,12,0.0,1,88
org.apache.fontbox.ttf.CmapSubtable.SubHeader-2.0.30,1,0.0,4,5
org.apache.fontbox.ttf.CmapTable-2.0.30,10,1.0,1,9
org.apache.fontbox.ttf.DigitalSignatureTable-2.0.30,3,1.0,0,1
org.apache.fontbox.ttf.GlyfCompositeComp-2.0.30,2,0.0,10,22
org.apache.fontbox.ttf.GlyfCompositeDescript-2.0.30,6,1.0,2,36
org.apache.fontbox.ttf.GlyfDescript-2.0.30,6,0.0,3,5
org.apache.fontbox.ttf.GlyfSimpleDescript-2.0.30,4,1.0,4,24
org.apache.fontbox.ttf.GlyphData-2.0.30,12,0.0,1,13
org.apache.fontbox.ttf.GlyphRenderer-2.0.30,5,0.0,1,23
org.apache.fontbox.ttf.GlyphRenderer.Point-2.0.30,1,0.0,0,5
org.apache.fontbox.ttf.GlyphSubstitutionTable-2.0.30,21,1.0,1,81
org.apache.fontbox.ttf.GlyphSubstitutionTable.CoverageTable-2.0.30,4,0.0,1,0
org.apache.fontbox.ttf.GlyphSubstitutionTable.CoverageTableFormat1-2.0.30,2,1.0,1,2
org.apache.fontbox.ttf.GlyphSubstitutionTable.CoverageTableFormat2-2.0.30,3,1.0,1,4
org.apache.fontbox.ttf.GlyphSubstitutionTable.FeatureRecord-2.0.30,2,0.0,0,1
org.apache.fontbox.ttf.GlyphSubstitutionTable.FeatureTable-2.0.30,3,0.0,0,1
org.apache.fontbox.ttf.GlyphSubstitutionTable.LangSysRecord-2.0.30,2,0.0,0,1
org.apache.fontbox.ttf.GlyphSubstitutionTable.LangSysTable-2.0.30,3,0.0,0,1
org.apache.fontbox.ttf.GlyphSubstitutionTable.LookupSubTable-2.0.30,5,0.0,1,0
org.apache.fontbox.ttf.GlyphSubstitutionTable.LookupTable-2.0.30,2,0.0,0,1
org.apache.fontbox.ttf.GlyphSubstitutionTable.LookupTypeSingleSubstFormat1-2.0.30,2,1.0,1,3
org.apache.fontbox.ttf.GlyphSubstitutionTable.LookupTypeSingleSubstFormat2-2.0.30,2,1.0,1,3
org.apache.fontbox.ttf.GlyphSubstitutionTable.RangeRecord-2.0.30,2,0.0,0,1
org.apache.fontbox.ttf.GlyphSubstitutionTable.ScriptRecord-2.0.30,2,0.0,0,1
org.apache.fontbox.ttf.GlyphSubstitutionTable.ScriptTable-2.0.30,3,0.0,0,1
org.apache.fontbox.ttf.GlyphTable-2.0.30,15,1.0,1,19
org.apache.fontbox.ttf.HeaderTable-2.0.30,13,1.0,1,36
org.apache.fontbox.ttf.HorizontalHeaderTable-2.0.30,8,1.0,1,36
org.apache.fontbox.ttf.HorizontalMetricsTable-2.0.30,11,1.0,1,14
org.apache.fontbox.ttf.IndexToLocationTable-2.0.30,7,1.0,1,8
org.apache.fontbox.ttf.KerningSubtable-2.0.30,5,0.0,1,29
org.apache.fontbox.ttf.KerningSubtable.PairData0Format0-2.0.30,4,0.0,2,9
org.apache.fontbox.ttf.KerningTable-2.0.30,5,1.0,1,12
org.apache.fontbox.ttf.MaximumProfileTable-2.0.30,7,1.0,1,33
org.apache.fontbox.ttf.MemoryTTFDataStream-2.0.30,5,1.0,2,19
org.apache.fontbox.ttf.NameRecord-2.0.30,5,0.0,2,16
org.apache.fontbox.ttf.NamingTable-2.0.30,8,1.0,1,30
org.apache.fontbox.ttf.OS2WindowsMetricsTable-2.0.30,8,1.0,1,73
org.apache.fontbox.ttf.OTFParser-2.0.30,12,1.0,7,12
org.apache.fontbox.ttf.OTLTable-2.0.30,3,1.0,0,1
org.apache.fontbox.ttf.OpenTypeFont-2.0.30,15,1.0,1,10
org.apache.fontbox.ttf.OpenTypeScript-2.0.30,3,0.0,1,21
org.apache.fontbox.ttf.PostScriptTable-2.0.30,11,1.0,1,40
org.apache.fontbox.ttf.RAFDataStream-2.0.30,5,1.0,2,13
org.apache.fontbox.ttf.RAFDataStreamTest-2.0.30,1,0.0,1,1
org.apache.fontbox.ttf.SubstitutingCmapLookup-2.0.30,5,0.0,1,3
org.apache.fontbox.ttf.TTCDataStream-2.0.30,2,1.0,2,11
org.apache.fontbox.ttf.TTFDataStream-2.0.30,36,0.0,8,20
org.apache.fontbox.ttf.TTFParser-2.0.30,37,0.0,2,48
org.apache.fontbox.ttf.TTFSubsetter-2.0.30,18,0.0,1,108
org.apache.fontbox.ttf.TTFSubsetterTest-2.0.30,7,0.0,6,11
org.apache.fontbox.ttf.TTFTable-2.0.30,24,0.0,6,11
org.apache.fontbox.ttf.TestCMapSubtable-2.0.30,6,0.0,1,1
org.apache.fontbox.ttf.TestMemoryTTFDataStream-2.0.30,1,2.0,1,2
org.apache.fontbox.ttf.TestTTFParser-2.0.30,7,0.0,2,4
org.apache.fontbox.ttf.TrueTypeCollection-2.0.30,13,0.0,1,15
org.apache.fontbox.ttf.TrueTypeFont-2.0.30,59,0.0,2,82
org.apache.fontbox.ttf.TrueTypeFontCollectionTest-2.0.30,1,0.0,1,1
org.apache.fontbox.ttf.VerticalHeaderTable-2.0.30,6,1.0,1,19
org.apache.fontbox.ttf.VerticalMetricsTable-2.0.30,7,1.0,1,12
org.apache.fontbox.ttf.VerticalOriginTable-2.0.30,4,1.0,1,6
org.apache.fontbox.ttf.WGL4Names-2.0.30,2,0.0,0,2
org.apache.fontbox.type1.DamagedFontException-2.0.30,3,0.0,0,1
org.apache.fontbox.type1.Token-2.0.30,5,0.0,3,11
org.apache.fontbox.type1.Token.Kind-2.0.30,3,,2,0
org.apache.fontbox.type1.Type1Font-2.0.30,15,0.0,36,47
org.apache.fontbox.type1.Type1Lexer-2.0.30,5,0.0,1,67
org.apache.fontbox.type1.Type1LexerTest-2.0.30,4,0.0,1,9
org.apache.fontbox.type1.Type1Parser-2.0.30,7,0.0,1,146
org.apache.fontbox.util.BoundingBox-2.0.30,27,0.0,1,15
org.apache.fontbox.util.Charsets-2.0.30,10,0.0,0,1
org.apache.fontbox.util.autodetect.FontFileFinder-2.0.30,8,0.0,1,20
org.apache.fontbox.util.autodetect.MacFontDirFinder-2.0.30,2,1.0,1,1
org.apache.fontbox.util.autodetect.NativeFontDirFinder-2.0.30,4,0.0,1,4
org.apache.fontbox.util.autodetect.OS400FontDirFinder-2.0.30,2,1.0,1,1
org.apache.fontbox.util.autodetect.UnixFontDirFinder-2.0.30,2,1.0,1,1
org.apache.fontbox.util.autodetect.WindowsFontDirFinder-2.0.30,3,0.0,1,15
org.apache.pdfbox.ParallelParameterized-2.0.30,3,4.0,0,2
org.apache.pdfbox.ParallelParameterized.FixedThreadPoolScheduler-2.0.30,1,0.0,1,4
org.apache.pdfbox.contentstream.PDFGraphicsStreamEngine-2.0.30,74,1.0,14,2
org.apache.pdfbox.contentstream.PDFStreamEngine-2.0.30,113,0.0,5,93
org.apache.pdfbox.contentstream.operator.DrawObject-2.0.30,14,1.0,2,8
org.apache.pdfbox.contentstream.operator.MissingOperandException-2.0.30,34,0.0,0,1
org.apache.pdfbox.contentstream.operator.Operator-2.0.30,85,0.0,4,12
org.apache.pdfbox.contentstream.operator.OperatorName-2.0.30,89,0.0,0,1
org.apache.pdfbox.contentstream.operator.OperatorProcessor-2.0.30,54,0.0,4,6
org.apache.pdfbox.contentstream.operator.color.SetColor-2.0.30,17,1.0,2,4
org.apache.pdfbox.contentstream.operator.color.SetNonStrokingColor-2.0.30,14,2.0,2,4
org.apache.pdfbox.contentstream.operator.color.SetNonStrokingColorN-2.0.30,5,3.0,1,1
org.apache.pdfbox.contentstream.operator.color.SetNonStrokingColorSpace-2.0.30,12,1.0,2,4
org.apache.pdfbox.contentstream.operator.color.SetNonStrokingDeviceCMYKColor-2.0.30,14,3.0,2,2
org.apache.pdfbox.contentstream.operator.color.SetNonStrokingDeviceGrayColor-2.0.30,14,3.0,2,2
org.apache.pdfbox.contentstream.operator.color.SetNonStrokingDeviceRGBColor-2.0.30,14,3.0,2,2
org.apache.pdfbox.contentstream.operator.color.SetStrokingColor-2.0.30,14,2.0,2,4
org.apache.pdfbox.contentstream.operator.color.SetStrokingColorN-2.0.30,5,3.0,1,1
org.apache.pdfbox.contentstream.operator.color.SetStrokingColorSpace-2.0.30,12,1.0,2,4
org.apache.pdfbox.contentstream.operator.color.SetStrokingDeviceCMYKColor-2.0.30,14,3.0,2,2
org.apache.pdfbox.contentstream.operator.color.SetStrokingDeviceGrayColor-2.0.30,14,3.0,2,2
org.apache.pdfbox.contentstream.operator.color.SetStrokingDeviceRGBColor-2.0.30,14,3.0,2,2
org.apache.pdfbox.contentstream.operator.graphics.AppendRectangleToPath-2.0.30,9,2.0,2,4
org.apache.pdfbox.contentstream.operator.graphics.BeginInlineImage-2.0.30,9,2.0,2,3
org.apache.pdfbox.contentstream.operator.graphics.ClipEvenOddRule-2.0.30,5,2.0,2,2
org.apache.pdfbox.contentstream.operator.graphics.ClipNonZeroRule-2.0.30,5,2.0,2,2
org.apache.pdfbox.contentstream.operator.graphics.CloseAndStrokePath-2.0.30,6,2.0,2,2
org.apache.pdfbox.contentstream.operator.graphics.CloseFillEvenOddAndStrokePath-2.0.30,6,2.0,2,2
org.apache.pdfbox.contentstream.operator.graphics.CloseFillNonZeroAndStrokePath-2.0.30,6,2.0,2,2
org.apache.pdfbox.contentstream.operator.graphics.ClosePath-2.0.30,5,2.0,2,3
org.apache.pdfbox.contentstream.operator.graphics.CurveTo-2.0.30,9,2.0,2,5
org.apache.pdfbox.contentstream.operator.graphics.CurveToReplicateFinalPoint-2.0.30,9,2.0,2,4
org.apache.pdfbox.contentstream.operator.graphics.CurveToReplicateInitialPoint-2.0.30,9,2.0,2,5
org.apache.pdfbox.contentstream.operator.graphics.DrawObject-2.0.30,14,2.0,2,9
org.apache.pdfbox.contentstream.operator.graphics.EndPath-2.0.30,5,2.0,2,2
org.apache.pdfbox.contentstream.operator.graphics.FillEvenOddAndStrokePath-2.0.30,5,2.0,2,2
org.apache.pdfbox.contentstream.operator.graphics.FillEvenOddRule-2.0.30,5,2.0,2,2
org.apache.pdfbox.contentstream.operator.graphics.FillNonZeroAndStrokePath-2.0.30,5,2.0,2,2
org.apache.pdfbox.contentstream.operator.graphics.FillNonZeroRule-2.0.30,6,2.0,2,2
org.apache.pdfbox.contentstream.operator.graphics.GraphicsOperatorProcessor-2.0.30,25,1.0,1,1
org.apache.pdfbox.contentstream.operator.graphics.LegacyFillNonZeroRule-2.0.30,3,3.0,1,1
org.apache.pdfbox.contentstream.operator.graphics.LineTo-2.0.30,8,2.0,2,6
org.apache.pdfbox.contentstream.operator.graphics.MoveTo-2.0.30,8,2.0,2,5
org.apache.pdfbox.contentstream.operator.graphics.ShadingFill-2.0.30,7,2.0,2,4
org.apache.pdfbox.contentstream.operator.graphics.StrokePath-2.0.30,5,2.0,2,2
org.apache.pdfbox.contentstream.operator.markedcontent.BeginMarkedContentSequence-2.0.30,8,1.0,2,4
org.apache.pdfbox.contentstream.operator.markedcontent.BeginMarkedContentSequenceWithProperties-2.0.30,9,1.0,2,5
org.apache.pdfbox.contentstream.operator.markedcontent.DrawObject-2.0.30,12,1.0,2,7
org.apache.pdfbox.contentstream.operator.markedcontent.EndMarkedContentSequence-2.0.30,7,1.0,2,2
org.apache.pdfbox.contentstream.operator.state.Concatenate-2.0.30,13,1.0,2,4
org.apache.pdfbox.contentstream.operator.state.EmptyGraphicsStackException-2.0.30,2,0.0,0,1
org.apache.pdfbox.contentstream.operator.state.Restore-2.0.30,10,1.0,2,3
org.apache.pdfbox.contentstream.operator.state.Save-2.0.30,9,1.0,2,2
org.apache.pdfbox.contentstream.operator.state.SetFlatness-2.0.30,9,1.0,2,4
org.apache.pdfbox.contentstream.operator.state.SetGraphicsStateParameters-2.0.30,13,1.0,2,5
org.apache.pdfbox.contentstream.operator.state.SetLineCapStyle-2.0.30,10,1.0,2,3
org.apache.pdfbox.contentstream.operator.state.SetLineDashPattern-2.0.30,10,1.0,2,8
org.apache.pdfbox.contentstream.operator.state.SetLineJoinStyle-2.0.30,10,1.0,2,3
org.apache.pdfbox.contentstream.operator.state.SetLineMiterLimit-2.0.30,9,1.0,2,3
org.apache.pdfbox.contentstream.operator.state.SetLineWidth-2.0.30,10,1.0,2,3
org.apache.pdfbox.contentstream.operator.state.SetMatrix-2.0.30,12,1.0,2,4
org.apache.pdfbox.contentstream.operator.state.SetRenderingIntent-2.0.30,10,1.0,2,4
org.apache.pdfbox.contentstream.operator.text.BeginText-2.0.30,9,1.0,2,2
org.apache.pdfbox.contentstream.operator.text.EndText-2.0.30,8,1.0,2,2
org.apache.pdfbox.contentstream.operator.text.MoveText-2.0.30,11,1.0,1,6
org.apache.pdfbox.contentstream.operator.text.MoveTextSetLeading-2.0.30,11,1.0,2,4
org.apache.pdfbox.contentstream.operator.text.NextLine-2.0.30,11,1.0,2,2
org.apache.pdfbox.contentstream.operator.text.SetCharSpacing-2.0.30,12,1.0,2,4
org.apache.pdfbox.contentstream.operator.text.SetFontAndSize-2.0.30,15,1.0,2,6
org.apache.pdfbox.contentstream.operator.text.SetTextHorizontalScaling-2.0.30,12,1.0,2,4
org.apache.pdfbox.contentstream.operator.text.SetTextLeading-2.0.30,12,1.0,2,4
org.apache.pdfbox.contentstream.operator.text.SetTextRenderingMode-2.0.30,14,1.0,2,5
org.apache.pdfbox.contentstream.operator.text.SetTextRise-2.0.30,11,1.0,2,4
org.apache.pdfbox.contentstream.operator.text.SetWordSpacing-2.0.30,11,1.0,2,4
org.apache.pdfbox.contentstream.operator.text.ShowText-2.0.30,8,1.0,2,5
org.apache.pdfbox.contentstream.operator.text.ShowTextAdjusted-2.0.30,8,1.0,2,5
org.apache.pdfbox.contentstream.operator.text.ShowTextLine-2.0.30,7,1.0,2,2
org.apache.pdfbox.contentstream.operator.text.ShowTextLineAndSpace-2.0.30,8,1.0,2,3
org.apache.pdfbox.cos.COSArray-2.0.30,237,1.0,3,67
org.apache.pdfbox.cos.COSBase-2.0.30,325,0.0,3,4
org.apache.pdfbox.cos.COSBoolean-2.0.30,24,1.0,4,11
org.apache.pdfbox.cos.COSDictionary-2.0.30,451,1.0,4,158
org.apache.pdfbox.cos.COSDictionaryTest-2.0.30,3,0.0,1,1
org.apache.pdfbox.cos.COSDocument-2.0.30,75,1.0,9,68
org.apache.pdfbox.cos.COSFloat-2.0.30,55,2.0,2,22
org.apache.pdfbox.cos.COSInputStream-2.0.30,10,0.0,2,11
org.apache.pdfbox.cos.COSInteger-2.0.30,58,2.0,5,16
org.apache.pdfbox.cos.COSName-2.0.30,448,1.0,3,18
org.apache.pdfbox.cos.COSNull-2.0.30,22,1.0,2,4
org.apache.pdfbox.cos.COSNumber-2.0.30,90,1.0,5,12
org.apache.pdfbox.cos.COSObject-2.0.30,57,1.0,5,19
org.apache.pdfbox.cos.COSObjectKey-2.0.30,21,0.0,1,14
org.apache.pdfbox.cos.COSObjectKeyTest-2.0.30,1,0.0,3,3
org.apache.pdfbox.cos.COSOutputStream-2.0.30,8,0.0,1,14
org.apache.pdfbox.cos.COSStream-2.0.30,116,2.0,2,42
org.apache.pdfbox.cos.COSString-2.0.30,71,1.0,4,25
org.apache.pdfbox.cos.PDFDocEncoding-2.0.30,2,0.0,1,13
org.apache.pdfbox.cos.PDFDocEncodingTest-2.0.30,1,0.0,2,4
org.apache.pdfbox.cos.TestCOSBase-2.0.30,8,2.0,3,4
org.apache.pdfbox.cos.TestCOSFloat-2.0.30,12,4.0,14,18
org.apache.pdfbox.cos.TestCOSFloat.AcceptTester-2.0.30,5,1.0,1,1
org.apache.pdfbox.cos.TestCOSFloat.BaseTester-2.0.30,8,0.0,1,4
org.apache.pdfbox.cos.TestCOSFloat.DoubleValueTester-2.0.30,3,1.0,1,1
org.apache.pdfbox.cos.TestCOSFloat.FloatValueTester-2.0.30,3,1.0,1,1
org.apache.pdfbox.cos.TestCOSFloat.HashCodeTester-2.0.30,3,1.0,1,1
org.apache.pdfbox.cos.TestCOSFloat.IntValueTester-2.0.30,3,1.0,1,1
org.apache.pdfbox.cos.TestCOSFloat.LongValueTester-2.0.30,3,1.0,1,1
org.apache.pdfbox.cos.TestCOSFloat.WritePDFTester-2.0.30,4,1.0,1,2
org.apache.pdfbox.cos.TestCOSIncrement-2.0.30,11,0.0,2,2
org.apache.pdfbox.cos.TestCOSInteger-2.0.30,5,4.0,10,18
org.apache.pdfbox.cos.TestCOSName-2.0.30,5,0.0,1,1
org.apache.pdfbox.cos.TestCOSNumber-2.0.30,6,3.0,7,3
org.apache.pdfbox.cos.TestCOSStream-2.0.30,8,2.0,1,11
org.apache.pdfbox.cos.TestCOSString-2.0.30,4,3.0,9,21
org.apache.pdfbox.cos.TestCOSUpdateInfo-2.0.30,3,0.0,1,1
org.apache.pdfbox.cos.UnmodifiableCOSDictionary-2.0.30,1,2.0,2,3
org.apache.pdfbox.debugger.PDFDebugger-2.0.30,64,0.0,2,165
org.apache.pdfbox.debugger.PDFDebugger.DocumentOpener-2.0.30,3,0.0,1,4
org.apache.pdfbox.debugger.colorpane.CSArrayBased-2.0.30,5,0.0,1,15
org.apache.pdfbox.debugger.colorpane.CSDeviceN-2.0.30,6,0.0,2,6
org.apache.pdfbox.debugger.colorpane.CSIndexed-2.0.30,8,0.0,2,6
org.apache.pdfbox.debugger.colorpane.CSSeparation-2.0.30,3,0.0,1,10
org.apache.pdfbox.debugger.colorpane.ColorBarCellRenderer-2.0.30,2,0.0,1,1
org.apache.pdfbox.debugger.colorpane.DeviceNColorant-2.0.30,2,0.0,3,7
org.apache.pdfbox.debugger.colorpane.DeviceNTableModel-2.0.30,3,0.0,2,13
org.apache.pdfbox.debugger.colorpane.IndexedColorant-2.0.30,2,0.0,2,7
org.apache.pdfbox.debugger.colorpane.IndexedTableModel-2.0.30,3,0.0,2,14
org.apache.pdfbox.debugger.flagbitspane.AnnotFlag-2.0.30,5,1.0,2,4
org.apache.pdfbox.debugger.flagbitspane.EncryptFlag-2.0.30,5,1.0,2,4
org.apache.pdfbox.debugger.flagbitspane.FieldFlag-2.0.30,4,1.0,1,15
org.apache.pdfbox.debugger.flagbitspane.Flag-2.0.30,7,0.0,4,1
org.apache.pdfbox.debugger.flagbitspane.FlagBitsPane-2.0.30,12,0.0,1,9
org.apache.pdfbox.debugger.flagbitspane.FlagBitsPaneView-2.0.30,1,0.0,1,4
org.apache.pdfbox.debugger.flagbitspane.FontFlag-2.0.30,5,1.0,2,4
org.apache.pdfbox.debugger.flagbitspane.PanoseFlag-2.0.30,7,1.0,5,16
org.apache.pdfbox.debugger.flagbitspane.SigFlag-2.0.30,6,1.0,2,4
org.apache.pdfbox.debugger.fontencodingpane.FontEncodingPaneController-2.0.30,12,0.0,1,6
org.apache.pdfbox.debugger.fontencodingpane.FontEncodingView-2.0.30,4,0.0,3,7
org.apache.pdfbox.debugger.fontencodingpane.FontEncodingView.GlyphCellRenderer-2.0.30,3,0.0,1,8
org.apache.pdfbox.debugger.fontencodingpane.FontPane-2.0.30,4,0.0,2,3
org.apache.pdfbox.debugger.fontencodingpane.SimpleFont-2.0.30,8,1.0,3,7
org.apache.pdfbox.debugger.fontencodingpane.Type0Font-2.0.30,14,1.0,2,15
org.apache.pdfbox.debugger.fontencodingpane.Type3Font-2.0.30,17,1.0,3,17
org.apache.pdfbox.debugger.hexviewer.ASCIIPane-2.0.30,6,0.0,2,9
org.apache.pdfbox.debugger.hexviewer.AddressPane-2.0.30,3,0.0,1,9
org.apache.pdfbox.debugger.hexviewer.HexChangedEvent-2.0.30,3,0.0,2,3
org.apache.pdfbox.debugger.hexviewer.HexEditor-2.0.30,9,0.0,1,14
org.apache.pdfbox.debugger.hexviewer.HexModel-2.0.30,11,0.0,3,24
org.apache.pdfbox.debugger.hexviewer.HexModelChangedEvent-2.0.30,4,0.0,2,3
org.apache.pdfbox.debugger.hexviewer.HexPane-2.0.30,9,0.0,9,51
org.apache.pdfbox.debugger.hexviewer.HexView-2.0.30,8,0.0,1,5
org.apache.pdfbox.debugger.hexviewer.SelectEvent-2.0.30,3,0.0,2,3
org.apache.pdfbox.debugger.hexviewer.StatusPane-2.0.30,2,0.0,1,3
org.apache.pdfbox.debugger.hexviewer.UpperPane-2.0.30,2,0.0,1,3
org.apache.pdfbox.debugger.pagepane.PagePane-2.0.30,27,0.0,6,46
org.apache.pdfbox.debugger.pagepane.PagePane.RenderWorker-2.0.30,9,0.0,1,3
org.apache.pdfbox.debugger.streampane.OperatorMarker-2.0.30,1,0.0,1,3
org.apache.pdfbox.debugger.streampane.Stream-2.0.30,10,0.0,3,24
org.apache.pdfbox.debugger.streampane.StreamImageView-2.0.30,6,0.0,2,10
org.apache.pdfbox.debugger.streampane.StreamPane-2.0.30,11,0.0,2,18
org.apache.pdfbox.debugger.streampane.StreamPane.DocumentCreator-2.0.30,18,0.0,1,39
org.apache.pdfbox.debugger.streampane.StreamPaneView-2.0.30,5,0.0,1,4
org.apache.pdfbox.debugger.streampane.StreamTextView-2.0.30,4,0.0,3,11
org.apache.pdfbox.debugger.streampane.tooltip.ColorToolTip-2.0.30,6,0.0,4,6
org.apache.pdfbox.debugger.streampane.tooltip.FontToolTip-2.0.30,6,0.0,2,7
org.apache.pdfbox.debugger.streampane.tooltip.GToolTip-2.0.30,2,1.0,1,3
org.apache.pdfbox.debugger.streampane.tooltip.KToolTip-2.0.30,3,1.0,1,7
org.apache.pdfbox.debugger.streampane.tooltip.RGToolTip-2.0.30,2,1.0,1,3
org.apache.pdfbox.debugger.streampane.tooltip.SCNToolTip-2.0.30,6,1.0,1,5
org.apache.pdfbox.debugger.streampane.tooltip.ToolTipController-2.0.30,12,0.0,1,21
org.apache.pdfbox.debugger.stringpane.StringPane-2.0.30,3,0.0,3,7
org.apache.pdfbox.debugger.treestatus.TreeStatus-2.0.30,10,0.0,2,26
org.apache.pdfbox.debugger.treestatus.TreeStatusPane-2.0.30,2,0.0,1,9
org.apache.pdfbox.debugger.ui.ArrayEntry-2.0.30,6,0.0,3,6
org.apache.pdfbox.debugger.ui.DebugLog-2.0.30,1,0.0,4,25
org.apache.pdfbox.debugger.ui.DocumentEntry-2.0.30,7,0.0,2,5
org.apache.pdfbox.debugger.ui.ErrorDialog-2.0.30,2,0.0,4,23
org.apache.pdfbox.debugger.ui.FileOpenSaveDialog-2.0.30,3,0.0,1,13
org.apache.pdfbox.debugger.ui.HighResolutionImageIcon-2.0.30,3,0.0,1,4
org.apache.pdfbox.debugger.ui.ImageTypeMenu-2.0.30,5,1.0,1,19
org.apache.pdfbox.debugger.ui.ImageUtil-2.0.30,2,0.0,1,7
org.apache.pdfbox.debugger.ui.LogDialog-2.0.30,3,0.0,4,28
org.apache.pdfbox.debugger.ui.MapEntry-2.0.30,7,0.0,3,8
org.apache.pdfbox.debugger.ui.MenuBase-2.0.30,8,0.0,1,7
org.apache.pdfbox.debugger.ui.OSXAdapter-2.0.30,2,0.0,1,26
org.apache.pdfbox.debugger.ui.PDFTreeCellRenderer-2.0.30,17,0.0,2,49
org.apache.pdfbox.debugger.ui.PDFTreeCellRenderer.OverlayIcon-2.0.30,1,0.0,1,4
org.apache.pdfbox.debugger.ui.PDFTreeModel-2.0.30,12,0.0,8,39
org.apache.pdfbox.debugger.ui.PageEntry-2.0.30,9,0.0,2,9
org.apache.pdfbox.debugger.ui.PrintDpiMenu-2.0.30,3,1.0,1,11
org.apache.pdfbox.debugger.ui.PrintDpiMenu.PrintDpiMenuItem-2.0.30,1,0.0,0,1
org.apache.pdfbox.debugger.ui.ReaderBottomPanel-2.0.30,2,0.0,2,4
org.apache.pdfbox.debugger.ui.RecentFiles-2.0.30,2,0.0,1,25
org.apache.pdfbox.debugger.ui.RenderDestinationMenu-2.0.30,5,1.0,1,16
org.apache.pdfbox.debugger.ui.RotationMenu-2.0.30,5,1.0,1,19
org.apache.pdfbox.debugger.ui.Tree-2.0.30,12,0.0,1,44
org.apache.pdfbox.debugger.ui.WindowPrefs-2.0.30,1,0.0,1,7
org.apache.pdfbox.debugger.ui.ZoomMenu-2.0.30,6,1.0,2,17
org.apache.pdfbox.debugger.ui.ZoomMenu.ZoomMenuItem-2.0.30,1,0.0,0,1
org.apache.pdfbox.debugger.ui.textsearcher.SearchEngine-2.0.30,1,0.0,1,6
org.apache.pdfbox.debugger.ui.textsearcher.SearchPanel-2.0.30,2,0.0,1,15
org.apache.pdfbox.debugger.ui.textsearcher.Searcher-2.0.30,4,0.0,3,30
org.apache.pdfbox.encryption.TestPublicKeyEncryption-2.0.30,10,0.0,6,17
org.apache.pdfbox.encryption.TestSymmetricKeyEncryption-2.0.30,21,2.0,2,28
org.apache.pdfbox.examples.ant.PDFToTextTask-2.0.30,1,2.0,1,5
org.apache.pdfbox.examples.interactive.form.AddBorderToField-2.0.30,10,0.0,1,2
org.apache.pdfbox.examples.interactive.form.CreateCheckBox-2.0.30,30,0.0,1,11
org.apache.pdfbox.examples.interactive.form.CreateMultiWidgetsForm-2.0.30,20,0.0,1,2
org.apache.pdfbox.examples.interactive.form.CreatePushButton-2.0.30,23,0.0,1,1
org.apache.pdfbox.examples.interactive.form.CreateRadioButtons-2.0.30,24,0.0,1,9
org.apache.pdfbox.examples.interactive.form.CreateSimpleForm-2.0.30,22,0.0,1,2
org.apache.pdfbox.examples.interactive.form.CreateSimpleFormWithEmbeddedFont-2.0.30,22,0.0,1,2
org.apache.pdfbox.examples.interactive.form.FieldTriggers-2.0.30,9,0.0,1,2
org.apache.pdfbox.examples.interactive.form.FillFormField-2.0.30,4,0.0,1,3
org.apache.pdfbox.examples.interactive.form.PrintFields-2.0.30,6,0.0,1,11
org.apache.pdfbox.examples.interactive.form.SetField-2.0.30,10,0.0,1,15
org.apache.pdfbox.examples.interactive.form.TestCreateSimpleForms-2.0.30,31,0.0,5,9
org.apache.pdfbox.examples.interactive.form.UpdateFieldOnDocumentOpen-2.0.30,3,0.0,1,2
org.apache.pdfbox.examples.lucene.IndexPDFFiles-2.0.30,2,0.0,1,16
org.apache.pdfbox.examples.lucene.LucenePDFDocument-2.0.30,5,0.0,2,31
org.apache.pdfbox.examples.pdfa.CreatePDFATest-2.0.30,13,2.0,1,3
org.apache.pdfbox.examples.pdmodel.AddAnnotations-2.0.30,25,0.0,1,5
org.apache.pdfbox.examples.pdmodel.AddImageToPDF-2.0.30,6,0.0,1,5
org.apache.pdfbox.examples.pdmodel.AddJavascript-2.0.30,4,0.0,1,6
org.apache.pdfbox.examples.pdmodel.AddMessageToEachPage-2.0.30,9,0.0,1,12
org.apache.pdfbox.examples.pdmodel.AddMetadataFromDocInfo-2.0.30,10,0.0,1,6
org.apache.pdfbox.examples.pdmodel.CreateBlankPDF-2.0.30,3,0.0,1,3
org.apache.pdfbox.examples.pdmodel.CreateBookmarks-2.0.30,10,0.0,1,7
org.apache.pdfbox.examples.pdmodel.CreateGradientShadingPDF-2.0.30,20,0.0,1,5
org.apache.pdfbox.examples.pdmodel.CreateLandscapePDF-2.0.30,9,0.0,1,6
org.apache.pdfbox.examples.pdmodel.CreatePDFA-2.0.30,16,0.0,1,4
org.apache.pdfbox.examples.pdmodel.CreatePageLabels-2.0.30,5,0.0,1,2
org.apache.pdfbox.examples.pdmodel.CreatePatternsPDF-2.0.30,12,0.0,1,2
org.apache.pdfbox.examples.pdmodel.CreatePortableCollection-2.0.30,15,0.0,1,5
org.apache.pdfbox.examples.pdmodel.CreateSeparationColorBox-2.0.30,11,0.0,1,2
org.apache.pdfbox.examples.pdmodel.EmbeddedFiles-2.0.30,14,0.0,1,6
org.apache.pdfbox.examples.pdmodel.EmbeddedFonts-2.0.30,5,0.0,1,2
org.apache.pdfbox.examples.pdmodel.EmbeddedMultipleFonts-2.0.30,11,0.0,1,10
org.apache.pdfbox.examples.pdmodel.EmbeddedVerticalFonts-2.0.30,6,0.0,1,2
org.apache.pdfbox.examples.pdmodel.ExtractEmbeddedFiles-2.0.30,13,0.0,1,26
org.apache.pdfbox.examples.pdmodel.ExtractMetadata-2.0.30,12,0.0,1,24
org.apache.pdfbox.examples.pdmodel.ExtractTTFFonts-2.0.30,15,0.0,1,32
org.apache.pdfbox.examples.pdmodel.GoToSecondBookmarkOnOpen-2.0.30,8,0.0,1,8
org.apache.pdfbox.examples.pdmodel.HelloWorld-2.0.30,7,0.0,1,3
org.apache.pdfbox.examples.pdmodel.HelloWorldTTF-2.0.30,7,0.0,1,3
org.apache.pdfbox.examples.pdmodel.HelloWorldType1-2.0.30,6,0.0,1,3
org.apache.pdfbox.examples.pdmodel.ImageToPDF-2.0.30,5,0.0,1,4
org.apache.pdfbox.examples.pdmodel.PrintBookmarks-2.0.30,9,0.0,1,16
org.apache.pdfbox.examples.pdmodel.PrintDocumentMetaData-2.0.30,6,0.0,1,8
org.apache.pdfbox.examples.pdmodel.PrintURLs-2.0.30,8,0.0,1,14
org.apache.pdfbox.examples.pdmodel.RemoveFirstPage-2.0.30,2,0.0,1,7
org.apache.pdfbox.examples.pdmodel.ReplaceURLs-2.0.30,7,0.0,1,9
org.apache.pdfbox.examples.pdmodel.RubberStamp-2.0.30,6,0.0,1,7
org.apache.pdfbox.examples.pdmodel.RubberStampWithImage-2.0.30,16,0.0,1,9
org.apache.pdfbox.examples.pdmodel.ShowColorBoxes-2.0.30,6,0.0,1,3
org.apache.pdfbox.examples.pdmodel.ShowTextWithPositioning-2.0.30,12,0.0,1,7
org.apache.pdfbox.examples.pdmodel.SuperimposePage-2.0.30,9,0.0,1,4
org.apache.pdfbox.examples.pdmodel.TestCreateGradientShadingPDF-2.0.30,3,0.0,1,3
org.apache.pdfbox.examples.pdmodel.TestCreateSignature-2.0.30,34,0.0,2,42
org.apache.pdfbox.examples.pdmodel.TestEmbeddedFiles-2.0.30,3,0.0,1,1
org.apache.pdfbox.examples.pdmodel.TestHelloWorld-2.0.30,4,0.0,1,4
org.apache.pdfbox.examples.pdmodel.TestRubberStampWithImage-2.0.30,13,0.0,1,7
org.apache.pdfbox.examples.pdmodel.UsingTextMatrix-2.0.30,9,0.0,1,9
org.apache.pdfbox.examples.printing.OpaquePDFRenderer-2.0.30,7,1.0,2,4
org.apache.pdfbox.examples.printing.OpaquePDFRenderer.OpaqueDrawObject-2.0.30,14,2.0,2,8
org.apache.pdfbox.examples.printing.OpaquePDFRenderer.OpaquePageDrawer-2.0.30,6,3.0,0,1
org.apache.pdfbox.examples.printing.OpaquePDFRenderer.OpaqueSetGraphicsStateParameters-2.0.30,10,1.0,2,5
org.apache.pdfbox.examples.printing.Printing-2.0.30,7,0.0,5,14
org.apache.pdfbox.examples.rendering.CustomGraphicsStreamEngine-2.0.30,11,2.0,17,20
org.apache.pdfbox.examples.rendering.CustomPageDrawer-2.0.30,4,0.0,1,1
org.apache.pdfbox.examples.rendering.CustomPageDrawer.MyPDFRenderer-2.0.30,6,1.0,1,2
org.apache.pdfbox.examples.rendering.CustomPageDrawer.MyPageDrawer-2.0.30,11,3.0,4,6
org.apache.pdfbox.examples.rendering.CustomPageDrawerTest-2.0.30,1,0.0,1,1
org.apache.pdfbox.examples.signature.CMSProcessableInputStream-2.0.30,2,0.0,2,5
org.apache.pdfbox.examples.signature.CreateEmbeddedTimeStamp-2.0.30,8,0.0,1,17
org.apache.pdfbox.examples.signature.CreateEmptySignatureForm-2.0.30,14,0.0,1,2
org.apache.pdfbox.examples.signature.CreateSignature-2.0.30,10,1.0,2,16
org.apache.pdfbox.examples.signature.CreateSignatureBase-2.0.30,8,0.0,2,13
org.apache.pdfbox.examples.signature.CreateSignedTimeStamp-2.0.30,8,0.0,3,11
org.apache.pdfbox.examples.signature.CreateSignedTimestampBase-2.0.30,3,0.0,1,3
org.apache.pdfbox.examples.signature.CreateVisibleSignature-2.0.30,19,1.0,1,30
org.apache.pdfbox.examples.signature.CreateVisibleSignature2-2.0.30,34,1.0,1,43
org.apache.pdfbox.examples.signature.ShowSignature-2.0.30,21,0.0,1,49
org.apache.pdfbox.examples.signature.SigUtils-2.0.30,25,0.0,5,40
org.apache.pdfbox.examples.signature.TSAClient-2.0.30,3,0.0,1,13
org.apache.pdfbox.examples.signature.ValidationTimeStamp-2.0.30,5,0.0,1,7
org.apache.pdfbox.examples.signature.cert.CRLVerifier-2.0.30,7,0.0,1,26
org.apache.pdfbox.examples.signature.cert.CertificateVerificationException-2.0.30,6,0.0,0,2
org.apache.pdfbox.examples.signature.cert.CertificateVerificationResult-2.0.30,0,0.0,3,5
org.apache.pdfbox.examples.signature.cert.CertificateVerifier-2.0.30,9,0.0,1,34
org.apache.pdfbox.examples.signature.cert.OcspHelper-2.0.30,8,0.0,1,51
org.apache.pdfbox.examples.signature.cert.OcspHelper.SHA1DigestCalculator-2.0.30,1,0.0,2,3
org.apache.pdfbox.examples.signature.cert.RevokedCertificateException-2.0.30,4,0.0,1,3
org.apache.pdfbox.examples.signature.validation.AddValidationInformation-2.0.30,23,0.0,1,48
org.apache.pdfbox.examples.signature.validation.CertInformationCollector-2.0.30,9,0.0,1,22
org.apache.pdfbox.examples.signature.validation.CertInformationCollector.CertSignatureInformation-2.0.30,3,0.0,10,11
org.apache.pdfbox.examples.signature.validation.CertInformationHelper-2.0.30,3,0.0,3,16
org.apache.pdfbox.examples.signature.validation.CertificateProccessingException-2.0.30,2,0.0,0,1
org.apache.pdfbox.examples.util.AddWatermarkText-2.0.30,11,0.0,1,10
org.apache.pdfbox.examples.util.ConnectedInputStream-2.0.30,1,0.0,1,10
org.apache.pdfbox.examples.util.DrawPrintTextLocations-2.0.30,24,3.0,1,29
org.apache.pdfbox.examples.util.ExtractTextByArea-2.0.30,5,0.0,1,5
org.apache.pdfbox.examples.util.ExtractTextSimple-2.0.30,4,0.0,1,7
org.apache.pdfbox.examples.util.PDFHighlighter-2.0.30,4,3.0,2,11
org.apache.pdfbox.examples.util.PDFMergerExample-2.0.30,12,0.0,1,5
org.apache.pdfbox.examples.util.PrintImageLocations-2.0.30,20,1.0,2,10
org.apache.pdfbox.examples.util.PrintTextColors-2.0.30,21,3.0,2,6
org.apache.pdfbox.examples.util.PrintTextLocations-2.0.30,4,3.0,2,7
org.apache.pdfbox.examples.util.RemoveAllText-2.0.30,15,0.0,1,17
org.apache.pdfbox.examples.util.SplitBooklet-2.0.30,4,0.0,1,7
org.apache.pdfbox.filter.ASCII85Filter-2.0.30,7,1.0,2,2
org.apache.pdfbox.filter.ASCII85InputStream-2.0.30,1,0.0,6,29
org.apache.pdfbox.filter.ASCII85OutputStream-2.0.30,1,0.0,1,24
org.apache.pdfbox.filter.ASCIIHexFilter-2.0.30,5,1.0,2,11
org.apache.pdfbox.filter.CCITTFaxDecoderStream-2.0.30,6,0.0,3,85
org.apache.pdfbox.filter.CCITTFaxDecoderStream.Node-2.0.30,2,0.0,1,5
org.apache.pdfbox.filter.CCITTFaxDecoderStream.Tree-2.0.30,2,0.0,1,12
org.apache.pdfbox.filter.CCITTFaxEncoderStream-2.0.30,5,0.0,1,52
org.apache.pdfbox.filter.CCITTFaxEncoderStream.Code-2.0.30,1,0.0,0,1
org.apache.pdfbox.filter.CCITTFaxFilter-2.0.30,11,1.0,1,14
org.apache.pdfbox.filter.CryptFilter-2.0.30,6,1.0,1,4
org.apache.pdfbox.filter.DCTFilter-2.0.30,6,1.0,2,41
org.apache.pdfbox.filter.DecodeOptions-2.0.30,12,0.0,6,16
org.apache.pdfbox.filter.DecodeOptions.FinalDecodeOptions-2.0.30,1,1.0,6,7
org.apache.pdfbox.filter.DecodeResult-2.0.30,17,0.0,2,5
org.apache.pdfbox.filter.Filter-2.0.30,30,0.0,4,13
org.apache.pdfbox.filter.FilterFactory-2.0.30,21,0.0,1,5
org.apache.pdfbox.filter.FlateFilter-2.0.30,6,1.0,2,8
org.apache.pdfbox.filter.IdentityFilter-2.0.30,5,1.0,2,2
org.apache.pdfbox.filter.JBIG2Filter-2.0.30,8,1.0,2,12
org.apache.pdfbox.filter.JPXFilter-2.0.30,9,1.0,2,17
org.apache.pdfbox.filter.LZWFilter-2.0.30,7,1.0,2,27
org.apache.pdfbox.filter.MissingImageReaderException-2.0.30,3,0.0,0,1
org.apache.pdfbox.filter.Predictor-2.0.30,7,0.0,3,35
org.apache.pdfbox.filter.Predictor.PredictorOutputStream-2.0.30,2,0.0,2,11
org.apache.pdfbox.filter.PredictorTest-2.0.30,1,0.0,2,2
org.apache.pdfbox.filter.RunLengthDecodeFilter-2.0.30,4,1.0,1,20
org.apache.pdfbox.filter.TestFilters-2.0.30,10,2.0,2,14
org.apache.pdfbox.io.IOUtils-2.0.30,111,0.0,4,11
org.apache.pdfbox.io.MemoryUsageSetting-2.0.30,10,0.0,4,30
org.apache.pdfbox.io.RandomAccessBuffer-2.0.30,9,0.0,1,56
org.apache.pdfbox.io.RandomAccessBufferedFileInputStream-2.0.30,8,0.0,2,38
org.apache.pdfbox.io.RandomAccessFile-2.0.30,5,0.0,1,21
org.apache.pdfbox.io.RandomAccessInputStream-2.0.30,4,0.0,1,11
org.apache.pdfbox.io.RandomAccessOutputStream-2.0.30,5,0.0,1,4
org.apache.pdfbox.io.ScratchFile-2.0.30,16,0.0,1,53
org.apache.pdfbox.io.ScratchFileBuffer-2.0.30,4,0.0,1,49
org.apache.pdfbox.io.ScratchFileBufferTest-2.0.30,3,0.0,1,2
org.apache.pdfbox.io.TestIOUtils-2.0.30,2,2.0,1,1
org.apache.pdfbox.io.TestRandomAccessBuffer-2.0.30,2,2.0,3,27
org.apache.pdfbox.io.TestRandomAccessOutputStream-2.0.30,3,2.0,1,5
org.apache.pdfbox.io.UnmodifiableCOSDictionaryTest-2.0.30,3,0.0,1,12
org.apache.pdfbox.multipdf.LayerUtility-2.0.30,23,0.0,1,23
org.apache.pdfbox.multipdf.MergeAcroFormsTest-2.0.30,11,0.0,1,12
org.apache.pdfbox.multipdf.MergeAnnotationsTest-2.0.30,9,0.0,1,6
org.apache.pdfbox.multipdf.Overlay-2.0.30,17,0.0,1,94
org.apache.pdfbox.multipdf.Overlay.LayoutPage-2.0.30,4,0.0,0,1
org.apache.pdfbox.multipdf.Overlay.Position-2.0.30,2,,2,0
org.apache.pdfbox.multipdf.PDFCloneUtility-2.0.30,13,0.0,1,38
org.apache.pdfbox.multipdf.PDFCloneUtilityTest-2.0.30,11,2.0,2,3
org.apache.pdfbox.multipdf.PDFMergerUtility-2.0.30,54,0.0,1,201
org.apache.pdfbox.multipdf.PDFMergerUtility.AcroFormMergeMode-2.0.30,2,,2,0
org.apache.pdfbox.multipdf.PDFMergerUtility.DocumentMergeMode-2.0.30,1,,2,0
org.apache.pdfbox.multipdf.PDFMergerUtilityTest-2.0.30,25,2.0,1,66
org.apache.pdfbox.multipdf.PDFMergerUtilityTest.ElementCounter-2.0.30,6,0.0,1,7
org.apache.pdfbox.multipdf.PageExtractor-2.0.30,6,0.0,1,9
org.apache.pdfbox.multipdf.PageExtractorTest-2.0.30,2,2.0,3,6
org.apache.pdfbox.multipdf.Splitter-2.0.30,16,0.0,1,32
org.apache.pdfbox.multipdf.TestLayerUtility-2.0.30,15,2.0,1,7
org.apache.pdfbox.pdfparser.BaseParser-2.0.30,21,0.0,1,158
org.apache.pdfbox.pdfparser.COSParser-2.0.30,34,1.0,1,364
org.apache.pdfbox.pdfparser.EndstreamOutputStream-2.0.30,2,0.0,1,15
org.apache.pdfbox.pdfparser.EndstreamOutputStreamTest-2.0.30,11,0.0,2,2
org.apache.pdfbox.pdfparser.FDFParser-2.0.30,11,2.0,2,15
org.apache.pdfbox.pdfparser.InputStreamSource-2.0.30,6,0.0,1,18
org.apache.pdfbox.pdfparser.InputStreamSourceTest-2.0.30,1,0.0,5,5
org.apache.pdfbox.pdfparser.PDFObjectStreamParser-2.0.30,13,1.0,1,14
org.apache.pdfbox.pdfparser.PDFObjectStreamParserTest-2.0.30,7,0.0,1,1
org.apache.pdfbox.pdfparser.PDFParser-2.0.30,14,2.0,2,19
org.apache.pdfbox.pdfparser.PDFStreamParser-2.0.30,29,1.0,1,58
org.apache.pdfbox.pdfparser.PDFStreamParserTest-2.0.30,4,2.0,1,4
org.apache.pdfbox.pdfparser.PDFXRefStream-2.0.30,16,0.0,2,36
org.apache.pdfbox.pdfparser.PDFXRefStream.FreeReference-2.0.30,1,0.0,0,0
org.apache.pdfbox.pdfparser.PDFXRefStream.NormalReference-2.0.30,1,0.0,0,0
org.apache.pdfbox.pdfparser.PDFXRefStream.ObjectStreamReference-2.0.30,1,0.0,0,0
org.apache.pdfbox.pdfparser.PDFXrefStreamParser-2.0.30,13,1.0,1,18
org.apache.pdfbox.pdfparser.PDFXrefStreamParser.ObjectNumbers-2.0.30,5,0.0,2,11
org.apache.pdfbox.pdfparser.RandomAccessSource-2.0.30,6,0.0,1,13
org.apache.pdfbox.pdfparser.RandomAccessSourceTest-2.0.30,2,0.0,5,5
org.apache.pdfbox.pdfparser.TestPDFParser-2.0.30,16,0.0,3,28
org.apache.pdfbox.pdfparser.XrefTrailerResolver-2.0.30,10,0.0,1,33
org.apache.pdfbox.pdfparser.XrefTrailerResolver.XRefType-2.0.30,4,,2,0
org.apache.pdfbox.pdfparser.XrefTrailerResolver.XrefTrailerObj-2.0.30,4,0.0,1,2
org.apache.pdfbox.pdfwriter.COSStandardOutputStream-2.0.30,1,0.0,1,12
org.apache.pdfbox.pdfwriter.COSWriter-2.0.30,41,0.0,2,152
org.apache.pdfbox.pdfwriter.COSWriterTest-2.0.30,2,0.0,1,4
org.apache.pdfbox.pdfwriter.COSWriterXRefEntry-2.0.30,5,0.0,5,14
org.apache.pdfbox.pdfwriter.COSWriterXRefEntryTest-2.0.30,1,0.0,1,1
org.apache.pdfbox.pdfwriter.ContentStreamWriter-2.0.30,16,0.0,4,25
org.apache.pdfbox.pdfwriter.ContentStreamWriterTest-2.0.30,8,0.0,5,8
org.apache.pdfbox.pdmodel.DefaultResourceCache-2.0.30,10,0.0,7,21
org.apache.pdfbox.pdmodel.MissingResourceException-2.0.30,4,0.0,0,1
org.apache.pdfbox.pdmodel.PDAbstractContentStream-2.0.30,51,0.0,1,163
org.apache.pdfbox.pdmodel.PDAppearanceContentStream-2.0.30,33,1.0,3,33
org.apache.pdfbox.pdmodel.PDDestinationNameTreeNode-2.0.30,8,1.0,2,5
org.apache.pdfbox.pdmodel.PDDocument-2.0.30,339,0.0,7,141
org.apache.pdfbox.pdmodel.PDDocumentCatalog-2.0.30,129,0.0,1,75
org.apache.pdfbox.pdmodel.PDDocumentInformation-2.0.30,19,0.0,1,27
org.apache.pdfbox.pdmodel.PDDocumentNameDestinationDictionary-2.0.30,9,0.0,1,6
org.apache.pdfbox.pdmodel.PDDocumentNameDictionary-2.0.30,17,0.0,1,14
org.apache.pdfbox.pdmodel.PDEmbeddedFilesNameTreeNode-2.0.30,13,1.0,2,4
org.apache.pdfbox.pdmodel.PDFormContentStream-2.0.30,5,1.0,0,1
org.apache.pdfbox.pdmodel.PDJavascriptNameTreeNode-2.0.30,6,1.0,2,5
org.apache.pdfbox.pdmodel.PDPage-2.0.30,152,0.0,2,92
org.apache.pdfbox.pdmodel.PDPageContentStream-2.0.30,88,0.0,1,245
org.apache.pdfbox.pdmodel.PDPageContentStream.AppendMode-2.0.30,22,,4,2
org.apache.pdfbox.pdmodel.PDPageTree-2.0.30,26,0.0,1,59
org.apache.pdfbox.pdmodel.PDPageTree.PageIterator-2.0.30,6,0.0,2,12
org.apache.pdfbox.pdmodel.PDPageTree.SearchContext-2.0.30,3,0.0,1,2
org.apache.pdfbox.pdmodel.PDPatternContentStream-2.0.30,4,1.0,0,1
org.apache.pdfbox.pdmodel.PDResources-2.0.30,107,0.0,1,104
org.apache.pdfbox.pdmodel.PDStructureElementNameTreeNode-2.0.30,6,1.0,2,4
org.apache.pdfbox.pdmodel.PageLayout-2.0.30,2,,2,5
org.apache.pdfbox.pdmodel.PageLayoutTest-2.0.30,2,0.0,2,3
org.apache.pdfbox.pdmodel.PageMode-2.0.30,7,,2,5
org.apache.pdfbox.pdmodel.PageModeTest-2.0.30,1,0.0,7,9
org.apache.pdfbox.pdmodel.TestFDF-2.0.30,8,2.0,1,2
org.apache.pdfbox.pdmodel.TestPDDocument-2.0.30,6,2.0,4,6
org.apache.pdfbox.pdmodel.TestPDDocumentCatalog-2.0.30,7,0.0,5,10
org.apache.pdfbox.pdmodel.TestPDDocumentInformation-2.0.30,2,2.0,2,4
org.apache.pdfbox.pdmodel.TestPDPageAnnotationsFiltering-2.0.30,8,0.0,1,6
org.apache.pdfbox.pdmodel.TestPDPageContentStream-2.0.30,9,2.0,3,5
org.apache.pdfbox.pdmodel.TestPDPageTransitions-2.0.30,8,0.0,2,2
org.apache.pdfbox.pdmodel.TestPDPageTree-2.0.30,8,0.0,1,10
org.apache.pdfbox.pdmodel.common.COSArrayList-2.0.30,42,0.0,7,87
org.apache.pdfbox.pdmodel.common.COSArrayListTest-2.0.30,11,0.0,1,19
org.apache.pdfbox.pdmodel.common.COSDictionaryMap-2.0.30,12,0.0,4,28
org.apache.pdfbox.pdmodel.common.PDDictionaryWrapper-2.0.30,18,0.0,1,7
org.apache.pdfbox.pdmodel.common.PDIntegerNameTreeNode-2.0.30,5,1.0,2,4
org.apache.pdfbox.pdmodel.common.PDMetadata-2.0.30,18,1.0,2,5
org.apache.pdfbox.pdmodel.common.PDNameTreeNode-2.0.30,25,0.0,1,38
org.apache.pdfbox.pdmodel.common.PDNumberTreeNode-2.0.30,13,0.0,1,37
org.apache.pdfbox.pdmodel.common.PDObjectStream-2.0.30,6,1.0,4,10
org.apache.pdfbox.pdmodel.common.PDPageLabelRange-2.0.30,6,0.0,1,12
org.apache.pdfbox.pdmodel.common.PDPageLabels-2.0.30,15,0.0,1,26
org.apache.pdfbox.pdmodel.common.PDPageLabels.LabelGenerator-2.0.30,2,0.0,2,19
org.apache.pdfbox.pdmodel.common.PDRange-2.0.30,17,0.0,1,10
org.apache.pdfbox.pdmodel.common.PDRectangle-2.0.30,110,0.0,1,22
org.apache.pdfbox.pdmodel.common.PDStream-2.0.30,88,0.0,1,50
org.apache.pdfbox.pdmodel.common.PDStreamTest-2.0.30,4,0.0,2,3
org.apache.pdfbox.pdmodel.common.PDTypedDictionaryWrapper-2.0.30,3,1.0,1,3
org.apache.pdfbox.pdmodel.common.TestEmbeddedFiles-2.0.30,9,2.0,2,5
org.apache.pdfbox.pdmodel.common.TestPDNameTreeNode-2.0.30,4,2.0,1,6
org.apache.pdfbox.pdmodel.common.TestPDNumberTreeNode-2.0.30,4,2.0,1,7
org.apache.pdfbox.pdmodel.common.TestPDNumberTreeNode.PDTest-2.0.30,3,0.0,1,8
org.apache.pdfbox.pdmodel.common.filespecification.PDComplexFileSpecification-2.0.30,14,1.0,1,52
org.apache.pdfbox.pdmodel.common.filespecification.PDEmbeddedFile-2.0.30,13,1.0,10,29
org.apache.pdfbox.pdmodel.common.filespecification.PDFileSpecification-2.0.30,16,0.0,3,4
org.apache.pdfbox.pdmodel.common.filespecification.PDSimpleFileSpecification-2.0.30,4,1.0,1,5
org.apache.pdfbox.pdmodel.common.function.PDFunction-2.0.30,25,0.0,5,39
org.apache.pdfbox.pdmodel.common.function.PDFunctionType0-2.0.30,9,1.0,3,24
org.apache.pdfbox.pdmodel.common.function.PDFunctionType0.Rinterpol-2.0.30,5,0.0,1,18
org.apache.pdfbox.pdmodel.common.function.PDFunctionType2-2.0.30,10,1.0,2,12
org.apache.pdfbox.pdmodel.common.function.PDFunctionType3-2.0.30,7,1.0,2,17
org.apache.pdfbox.pdmodel.common.function.PDFunctionType4-2.0.30,10,1.0,2,6
org.apache.pdfbox.pdmodel.common.function.PDFunctionTypeIdentity-2.0.30,4,1.0,3,5
org.apache.pdfbox.pdmodel.common.function.TestPDFunctionType4-2.0.30,5,2.0,1,3
org.apache.pdfbox.pdmodel.common.function.type4.ArithmeticOperators-2.0.30,0,0.0,0,1
org.apache.pdfbox.pdmodel.common.function.type4.ArithmeticOperators.Abs-2.0.30,3,0.0,1,2
org.apache.pdfbox.pdmodel.common.function.type4.ArithmeticOperators.Add-2.0.30,3,0.0,1,3
org.apache.pdfbox.pdmodel.common.function.type4.ArithmeticOperators.Atan-2.0.30,3,0.0,1,2
org.apache.pdfbox.pdmodel.common.function.type4.ArithmeticOperators.Ceiling-2.0.30,3,0.0,1,2
org.apache.pdfbox.pdmodel.common.function.type4.ArithmeticOperators.Cos-2.0.30,3,0.0,1,1
org.apache.pdfbox.pdmodel.common.function.type4.ArithmeticOperators.Cvi-2.0.30,3,0.0,1,1
org.apache.pdfbox.pdmodel.common.function.type4.ArithmeticOperators.Cvr-2.0.30,3,0.0,1,1
org.apache.pdfbox.pdmodel.common.function.type4.ArithmeticOperators.Div-2.0.30,3,0.0,1,1
org.apache.pdfbox.pdmodel.common.function.type4.ArithmeticOperators.Exp-2.0.30,3,0.0,1,1
org.apache.pdfbox.pdmodel.common.function.type4.ArithmeticOperators.Floor-2.0.30,3,0.0,1,2
org.apache.pdfbox.pdmodel.common.function.type4.ArithmeticOperators.IDiv-2.0.30,3,0.0,1,1
org.apache.pdfbox.pdmodel.common.function.type4.ArithmeticOperators.Ln-2.0.30,3,0.0,1,1
org.apache.pdfbox.pdmodel.common.function.type4.ArithmeticOperators.Log-2.0.30,3,0.0,1,1
org.apache.pdfbox.pdmodel.common.function.type4.ArithmeticOperators.Mod-2.0.30,3,0.0,1,1
org.apache.pdfbox.pdmodel.common.function.type4.ArithmeticOperators.Mul-2.0.30,3,0.0,1,3
org.apache.pdfbox.pdmodel.common.function.type4.ArithmeticOperators.Neg-2.0.30,3,0.0,1,3
org.apache.pdfbox.pdmodel.common.function.type4.ArithmeticOperators.Round-2.0.30,3,0.0,1,2
org.apache.pdfbox.pdmodel.common.function.type4.ArithmeticOperators.Sin-2.0.30,3,0.0,1,1
org.apache.pdfbox.pdmodel.common.function.type4.ArithmeticOperators.Sqrt-2.0.30,3,0.0,1,2
org.apache.pdfbox.pdmodel.common.function.type4.ArithmeticOperators.Sub-2.0.30,3,0.0,1,3
org.apache.pdfbox.pdmodel.common.function.type4.ArithmeticOperators.Truncate-2.0.30,3,0.0,1,2
org.apache.pdfbox.pdmodel.common.function.type4.BitwiseOperators-2.0.30,0,0.0,0,1
org.apache.pdfbox.pdmodel.common.function.type4.BitwiseOperators.AbstractLogicalOperator-2.0.30,5,0.0,1,3
org.apache.pdfbox.pdmodel.common.function.type4.BitwiseOperators.And-2.0.30,2,1.0,2,2
org.apache.pdfbox.pdmodel.common.function.type4.BitwiseOperators.Bitshift-2.0.30,3,0.0,1,2
org.apache.pdfbox.pdmodel.common.function.type4.BitwiseOperators.False-2.0.30,3,0.0,1,1
org.apache.pdfbox.pdmodel.common.function.type4.BitwiseOperators.Not-2.0.30,3,0.0,1,3
org.apache.pdfbox.pdmodel.common.function.type4.BitwiseOperators.Or-2.0.30,2,1.0,2,2
org.apache.pdfbox.pdmodel.common.function.type4.BitwiseOperators.True-2.0.30,3,0.0,1,1
org.apache.pdfbox.pdmodel.common.function.type4.BitwiseOperators.Xor-2.0.30,2,1.0,2,2
org.apache.pdfbox.pdmodel.common.function.type4.ConditionalOperators-2.0.30,0,0.0,0,1
org.apache.pdfbox.pdmodel.common.function.type4.ConditionalOperators.If-2.0.30,4,0.0,1,2
org.apache.pdfbox.pdmodel.common.function.type4.ConditionalOperators.IfElse-2.0.30,4,0.0,1,2
org.apache.pdfbox.pdmodel.common.function.type4.ExecutionContext-2.0.30,42,0.0,2,6
org.apache.pdfbox.pdmodel.common.function.type4.InstructionSequence-2.0.30,8,0.0,1,10
org.apache.pdfbox.pdmodel.common.function.type4.InstructionSequenceBuilder-2.0.30,6,1.0,2,13
org.apache.pdfbox.pdmodel.common.function.type4.Operators-2.0.30,47,0.0,1,2
org.apache.pdfbox.pdmodel.common.function.type4.Parser-2.0.30,3,0.0,1,2
org.apache.pdfbox.pdmodel.common.function.type4.Parser.AbstractSyntaxHandler-2.0.30,2,0.0,3,3
org.apache.pdfbox.pdmodel.common.function.type4.Parser.State-2.0.30,1,,2,0
org.apache.pdfbox.pdmodel.common.function.type4.Parser.Tokenizer-2.0.30,3,0.0,1,34
org.apache.pdfbox.pdmodel.common.function.type4.RelationalOperators-2.0.30,0,0.0,0,1
org.apache.pdfbox.pdmodel.common.function.type4.RelationalOperators.AbstractNumberComparisonOperator-2.0.30,6,0.0,1,1
org.apache.pdfbox.pdmodel.common.function.type4.RelationalOperators.Eq-2.0.30,4,0.0,1,3
org.apache.pdfbox.pdmodel.common.function.type4.RelationalOperators.Ge-2.0.30,2,1.0,1,1
org.apache.pdfbox.pdmodel.common.function.type4.RelationalOperators.Gt-2.0.30,2,1.0,1,1
org.apache.pdfbox.pdmodel.common.function.type4.RelationalOperators.Le-2.0.30,2,1.0,1,1
org.apache.pdfbox.pdmodel.common.function.type4.RelationalOperators.Lt-2.0.30,2,1.0,1,1
org.apache.pdfbox.pdmodel.common.function.type4.RelationalOperators.Ne-2.0.30,2,1.0,1,1
org.apache.pdfbox.pdmodel.common.function.type4.StackOperators-2.0.30,0,0.0,0,1
org.apache.pdfbox.pdmodel.common.function.type4.StackOperators.Copy-2.0.30,3,0.0,1,2
org.apache.pdfbox.pdmodel.common.function.type4.StackOperators.Dup-2.0.30,3,0.0,1,1
org.apache.pdfbox.pdmodel.common.function.type4.StackOperators.Exch-2.0.30,3,0.0,1,1
org.apache.pdfbox.pdmodel.common.function.type4.StackOperators.Index-2.0.30,3,0.0,1,2
org.apache.pdfbox.pdmodel.common.function.type4.StackOperators.Pop-2.0.30,3,0.0,1,1
org.apache.pdfbox.pdmodel.common.function.type4.StackOperators.Roll-2.0.30,3,0.0,1,8
org.apache.pdfbox.pdmodel.common.function.type4.TestOperators-2.0.30,2,2.0,40,40
org.apache.pdfbox.pdmodel.common.function.type4.TestParser-2.0.30,2,2.0,4,4
org.apache.pdfbox.pdmodel.common.function.type4.Type4Tester-2.0.30,6,0.0,2,10
org.apache.pdfbox.pdmodel.documentinterchange.logicalstructure.PDAttributeObject-2.0.30,15,1.0,3,27
org.apache.pdfbox.pdmodel.documentinterchange.logicalstructure.PDDefaultAttributeObject-2.0.30,5,2.0,3,12
org.apache.pdfbox.pdmodel.documentinterchange.logicalstructure.PDMarkInfo-2.0.30,4,0.0,1,9
org.apache.pdfbox.pdmodel.documentinterchange.logicalstructure.PDMarkedContentReference-2.0.30,6,0.0,1,9
org.apache.pdfbox.pdmodel.documentinterchange.logicalstructure.PDObjectReference-2.0.30,10,0.0,1,10
org.apache.pdfbox.pdmodel.documentinterchange.logicalstructure.PDParentTreeValue-2.0.30,6,0.0,1,4
org.apache.pdfbox.pdmodel.documentinterchange.logicalstructure.PDStructureElement-2.0.30,21,1.0,18,90
org.apache.pdfbox.pdmodel.documentinterchange.logicalstructure.PDStructureElementTest-2.0.30,11,0.0,1,9
org.apache.pdfbox.pdmodel.documentinterchange.logicalstructure.PDStructureNode-2.0.30,14,0.0,1,51
org.apache.pdfbox.pdmodel.documentinterchange.logicalstructure.PDStructureTreeRoot-2.0.30,15,1.0,5,20
org.apache.pdfbox.pdmodel.documentinterchange.logicalstructure.PDUserAttributeObject-2.0.30,6,2.0,2,11
org.apache.pdfbox.pdmodel.documentinterchange.logicalstructure.PDUserProperty-2.0.30,5,1.0,1,24
org.apache.pdfbox.pdmodel.documentinterchange.logicalstructure.Revisions-2.0.30,2,0.0,1,14
org.apache.pdfbox.pdmodel.documentinterchange.markedcontent.PDMarkedContent-2.0.30,8,0.0,4,21
org.apache.pdfbox.pdmodel.documentinterchange.markedcontent.PDPropertyList-2.0.30,16,0.0,2,6
org.apache.pdfbox.pdmodel.documentinterchange.prepress.PDBoxStyle-2.0.30,8,0.0,1,15
org.apache.pdfbox.pdmodel.documentinterchange.taggedpdf.PDArtifactMarkedContent-2.0.30,5,1.0,4,13
org.apache.pdfbox.pdmodel.documentinterchange.taggedpdf.PDExportFormatAttributeObject-2.0.30,6,4.0,6,21
org.apache.pdfbox.pdmodel.documentinterchange.taggedpdf.PDFourColours-2.0.30,7,0.0,1,17
org.apache.pdfbox.pdmodel.documentinterchange.taggedpdf.PDLayoutAttributeObject-2.0.30,10,3.0,29,135
org.apache.pdfbox.pdmodel.documentinterchange.taggedpdf.PDListAttributeObject-2.0.30,4,3.0,1,6
org.apache.pdfbox.pdmodel.documentinterchange.taggedpdf.PDPrintFieldAttributeObject-2.0.30,3,3.0,3,12
org.apache.pdfbox.pdmodel.documentinterchange.taggedpdf.PDStandardAttributeObject-2.0.30,16,2.0,23,47
org.apache.pdfbox.pdmodel.documentinterchange.taggedpdf.PDTableAttributeObject-2.0.30,4,3.0,5,18
org.apache.pdfbox.pdmodel.documentinterchange.taggedpdf.StandardStructureTypes-2.0.30,0,0.0,0,3
org.apache.pdfbox.pdmodel.encryption.AccessPermission-2.0.30,17,0.0,1,44
org.apache.pdfbox.pdmodel.encryption.DecryptionMaterial-2.0.30,6,0.0,0,0
org.apache.pdfbox.pdmodel.encryption.InvalidPasswordException-2.0.30,3,0.0,0,1
org.apache.pdfbox.pdmodel.encryption.MessageDigests-2.0.30,3,0.0,3,4
org.apache.pdfbox.pdmodel.encryption.PDCryptFilterDictionary-2.0.30,8,0.0,1,11
org.apache.pdfbox.pdmodel.encryption.PDEncryption-2.0.30,19,0.0,1,57
org.apache.pdfbox.pdmodel.encryption.PDEncryptionDictionary-2.0.30,2,1.0,0,2
org.apache.pdfbox.pdmodel.encryption.ProtectionPolicy-2.0.30,10,0.0,2,5
org.apache.pdfbox.pdmodel.encryption.PublicKeyDecryptionMaterial-2.0.30,3,1.0,1,8
org.apache.pdfbox.pdmodel.encryption.PublicKeyProtectionPolicy-2.0.30,6,1.0,2,7
org.apache.pdfbox.pdmodel.encryption.PublicKeyRecipient-2.0.30,5,0.0,2,4
org.apache.pdfbox.pdmodel.encryption.PublicKeySecurityHandler-2.0.30,20,1.0,1,38
org.apache.pdfbox.pdmodel.encryption.RC4Cipher-2.0.30,2,0.0,1,15
org.apache.pdfbox.pdmodel.encryption.SaslPrep-2.0.30,1,0.0,1,25
org.apache.pdfbox.pdmodel.encryption.SecurityHandler-2.0.30,24,0.0,5,66
org.apache.pdfbox.pdmodel.encryption.SecurityHandlerFactory-2.0.30,8,0.0,1,8
org.apache.pdfbox.pdmodel.encryption.SecurityProvider-2.0.30,9,0.0,1,4
org.apache.pdfbox.pdmodel.encryption.StandardDecryptionMaterial-2.0.30,3,1.0,1,2
org.apache.pdfbox.pdmodel.encryption.StandardProtectionPolicy-2.0.30,6,1.0,3,7
org.apache.pdfbox.pdmodel.encryption.StandardSecurityHandler-2.0.30,21,1.0,1,109
org.apache.pdfbox.pdmodel.fdf.FDFAnnotation-2.0.30,33,0.0,3,122
org.apache.pdfbox.pdmodel.fdf.FDFAnnotationCaret-2.0.30,7,1.0,1,13
org.apache.pdfbox.pdmodel.fdf.FDFAnnotationCircle-2.0.30,7,1.0,1,15
org.apache.pdfbox.pdmodel.fdf.FDFAnnotationFileAttachment-2.0.30,4,1.0,0,3
org.apache.pdfbox.pdmodel.fdf.FDFAnnotationFreeText-2.0.30,8,1.0,1,29
org.apache.pdfbox.pdmodel.fdf.FDFAnnotationHighlight-2.0.30,5,2.0,0,3
org.apache.pdfbox.pdmodel.fdf.FDFAnnotationInk-2.0.30,7,1.0,1,12
org.apache.pdfbox.pdmodel.fdf.FDFAnnotationLine-2.0.30,8,1.0,1,53
org.apache.pdfbox.pdmodel.fdf.FDFAnnotationLink-2.0.30,5,1.0,0,5
org.apache.pdfbox.pdmodel.fdf.FDFAnnotationPolygon-2.0.30,6,1.0,1,15
org.apache.pdfbox.pdmodel.fdf.FDFAnnotationPolyline-2.0.30,7,1.0,1,28
org.apache.pdfbox.pdmodel.fdf.FDFAnnotationSound-2.0.30,4,1.0,0,3
org.apache.pdfbox.pdmodel.fdf.FDFAnnotationSquare-2.0.30,7,1.0,1,15
org.apache.pdfbox.pdmodel.fdf.FDFAnnotationSquiggly-2.0.30,5,2.0,0,3
org.apache.pdfbox.pdmodel.fdf.FDFAnnotationStamp-2.0.30,11,1.0,1,45
org.apache.pdfbox.pdmodel.fdf.FDFAnnotationStrikeOut-2.0.30,5,2.0,0,3
org.apache.pdfbox.pdmodel.fdf.FDFAnnotationTest-2.0.30,5,0.0,1,4
org.apache.pdfbox.pdmodel.fdf.FDFAnnotationText-2.0.30,5,1.0,1,12
org.apache.pdfbox.pdmodel.fdf.FDFAnnotationTextMarkup-2.0.30,9,1.0,1,9
org.apache.pdfbox.pdmodel.fdf.FDFAnnotationUnderline-2.0.30,5,2.0,0,3
org.apache.pdfbox.pdmodel.fdf.FDFCatalog-2.0.30,9,0.0,1,13
org.apache.pdfbox.pdmodel.fdf.FDFDictionary-2.0.30,34,0.0,1,68
org.apache.pdfbox.pdmodel.fdf.FDFDocument-2.0.30,15,0.0,10,24
org.apache.pdfbox.pdmodel.fdf.FDFField-2.0.30,26,0.0,1,103
org.apache.pdfbox.pdmodel.fdf.FDFFieldTest-2.0.30,7,0.0,4,5
org.apache.pdfbox.pdmodel.fdf.FDFIconFit-2.0.30,6,0.0,1,14
org.apache.pdfbox.pdmodel.fdf.FDFJavaScript-2.0.30,11,0.0,1,19
org.apache.pdfbox.pdmodel.fdf.FDFNamedPageReference-2.0.30,6,0.0,1,7
org.apache.pdfbox.pdmodel.fdf.FDFOptionElement-2.0.30,5,0.0,1,8
org.apache.pdfbox.pdmodel.fdf.FDFPage-2.0.30,8,0.0,1,10
org.apache.pdfbox.pdmodel.fdf.FDFPageInfo-2.0.30,3,0.0,1,3
org.apache.pdfbox.pdmodel.fdf.FDFTemplate-2.0.30,8,0.0,1,12
org.apache.pdfbox.pdmodel.fdf.XMLUtil-2.0.30,1,0.0,2,3
org.apache.pdfbox.pdmodel.fixup.AbstractFixup-2.0.30,4,0.0,0,1
org.apache.pdfbox.pdmodel.fixup.AcroFormDefaultFixup-2.0.30,9,1.0,1,4
org.apache.pdfbox.pdmodel.fixup.processor.AbstractProcessor-2.0.30,5,0.0,0,1
org.apache.pdfbox.pdmodel.fixup.processor.AcroFormDefaultsProcessor-2.0.30,9,1.0,1,9
org.apache.pdfbox.pdmodel.fixup.processor.AcroFormGenerateAppearancesProcessor-2.0.30,5,1.0,1,3
org.apache.pdfbox.pdmodel.fixup.processor.AcroFormOrphanWidgetsProcessor-2.0.30,22,1.0,1,28
org.apache.pdfbox.pdmodel.font.CIDFontMapping-2.0.30,7,1.0,2,3
org.apache.pdfbox.pdmodel.font.CIDSystemInfo-2.0.30,4,0.0,3,5
org.apache.pdfbox.pdmodel.font.CMapManager-2.0.30,4,0.0,2,5
org.apache.pdfbox.pdmodel.font.FileSystemFontProvider-2.0.30,25,1.0,1,68
org.apache.pdfbox.pdmodel.font.FileSystemFontProvider.FSFontInfo-2.0.30,15,1.0,8,30
org.apache.pdfbox.pdmodel.font.FontCache-2.0.30,5,0.0,1,3
org.apache.pdfbox.pdmodel.font.FontFormat-2.0.30,4,,2,0
org.apache.pdfbox.pdmodel.font.FontInfo-2.0.30,10,0.0,9,15
org.apache.pdfbox.pdmodel.font.FontMapperImpl-2.0.30,21,0.0,2,89
org.apache.pdfbox.pdmodel.font.FontMapperImpl.DefaultFontProvider-2.0.30,3,0.0,0,0
org.apache.pdfbox.pdmodel.font.FontMapperImpl.FontMatch-2.0.30,2,0.0,1,2
org.apache.pdfbox.pdmodel.font.FontMappers-2.0.30,8,0.0,1,4
org.apache.pdfbox.pdmodel.font.FontMappers.DefaultFontMapper-2.0.30,3,0.0,0,0
org.apache.pdfbox.pdmodel.font.FontMapping-2.0.30,10,0.0,2,3
org.apache.pdfbox.pdmodel.font.FontProvider-2.0.30,4,0.0,2,0
org.apache.pdfbox.pdmodel.font.PDCIDFont-2.0.30,27,0.0,4,50
org.apache.pdfbox.pdmodel.font.PDCIDFontType0-2.0.30,32,1.0,4,51
org.apache.pdfbox.pdmodel.font.PDCIDFontType0.FF3ByteSource-2.0.30,5,0.0,1,1
org.apache.pdfbox.pdmodel.font.PDCIDFontType2-2.0.30,36,1.0,2,52
org.apache.pdfbox.pdmodel.font.PDCIDFontType2Embedder-2.0.30,23,1.0,1,72
org.apache.pdfbox.pdmodel.font.PDCIDFontType2Embedder.State-2.0.30,1,,2,0
org.apache.pdfbox.pdmodel.font.PDCIDSystemInfo-2.0.30,8,0.0,1,7
org.apache.pdfbox.pdmodel.font.PDFont-2.0.30,103,0.0,7,63
org.apache.pdfbox.pdmodel.font.PDFontDescriptor-2.0.30,46,0.0,1,90
org.apache.pdfbox.pdmodel.font.PDFontFactory-2.0.30,19,0.0,2,18
org.apache.pdfbox.pdmodel.font.PDFontTest-2.0.30,23,0.0,7,18
org.apache.pdfbox.pdmodel.font.PDMMType1Font-2.0.30,3,3.0,0,1
org.apache.pdfbox.pdmodel.font.PDPanose-2.0.30,4,0.0,1,3
org.apache.pdfbox.pdmodel.font.PDPanoseClassification-2.0.30,6,0.0,1,13
org.apache.pdfbox.pdmodel.font.PDSimpleFont-2.0.30,38,1.0,8,54
org.apache.pdfbox.pdmodel.font.PDTrueTypeFont-2.0.30,46,2.0,7,87
org.apache.pdfbox.pdmodel.font.PDTrueTypeFontEmbedder-2.0.30,14,1.0,2,7
org.apache.pdfbox.pdmodel.font.PDType0Font-2.0.30,45,1.0,11,74
org.apache.pdfbox.pdmodel.font.PDType1CFont-2.0.30,27,2.0,4,50
org.apache.pdfbox.pdmodel.font.PDType1CFont.FF3ByteSource-2.0.30,5,0.0,1,1
org.apache.pdfbox.pdmodel.font.PDType1Font-2.0.30,65,2.0,5,73
org.apache.pdfbox.pdmodel.font.PDType1FontEmbedder-2.0.30,19,0.0,5,9
org.apache.pdfbox.pdmodel.font.PDType3CharProc-2.0.30,20,0.0,3,21
org.apache.pdfbox.pdmodel.font.PDType3Font-2.0.30,33,2.0,11,58
org.apache.pdfbox.pdmodel.font.Standard14Fonts-2.0.30,7,0.0,1,12
org.apache.pdfbox.pdmodel.font.TestFontEmbedding-2.0.30,19,2.0,3,12
org.apache.pdfbox.pdmodel.font.TestFontEmbedding.TrueTypeEmbedderTester-2.0.30,5,1.0,1,2
org.apache.pdfbox.pdmodel.font.TestFontEncoding-2.0.30,13,2.0,3,3
org.apache.pdfbox.pdmodel.font.TestToUnicodeWriter-2.0.30,1,2.0,7,7
org.apache.pdfbox.pdmodel.font.ToUnicodeWriter-2.0.30,5,0.0,1,19
org.apache.pdfbox.pdmodel.font.TrueTypeEmbedder-2.0.30,24,0.0,1,34
org.apache.pdfbox.pdmodel.font.UniUtil-2.0.30,4,0.0,1,6
org.apache.pdfbox.pdmodel.font.encoding.BuiltInEncoding-2.0.30,3,1.0,2,4
org.apache.pdfbox.pdmodel.font.encoding.DictionaryEncoding-2.0.30,10,1.0,2,19
org.apache.pdfbox.pdmodel.font.encoding.Encoding-2.0.30,32,0.0,3,16
org.apache.pdfbox.pdmodel.font.encoding.GlyphList-2.0.30,20,0.0,4,29
org.apache.pdfbox.pdmodel.font.encoding.MacExpertEncoding-2.0.30,4,1.0,2,4
org.apache.pdfbox.pdmodel.font.encoding.MacOSRomanEncoding-2.0.30,4,2.0,1,3
org.apache.pdfbox.pdmodel.font.encoding.MacRomanEncoding-2.0.30,9,1.0,2,4
org.apache.pdfbox.pdmodel.font.encoding.StandardEncoding-2.0.30,8,1.0,2,4
org.apache.pdfbox.pdmodel.font.encoding.SymbolEncoding-2.0.30,5,1.0,2,4
org.apache.pdfbox.pdmodel.font.encoding.Type1Encoding-2.0.30,9,1.0,3,7
org.apache.pdfbox.pdmodel.font.encoding.WinAnsiEncoding-2.0.30,12,1.0,2,6
org.apache.pdfbox.pdmodel.font.encoding.ZapfDingbatsEncoding-2.0.30,6,1.0,2,4
org.apache.pdfbox.pdmodel.graphics.PDFontSetting-2.0.30,9,0.0,1,8
org.apache.pdfbox.pdmodel.graphics.PDLineDashPattern-2.0.30,14,0.0,1,10
org.apache.pdfbox.pdmodel.graphics.PDLineDashPatternTest-2.0.30,4,0.0,1,1
org.apache.pdfbox.pdmodel.graphics.PDPostScriptXObject-2.0.30,5,1.0,0,1
org.apache.pdfbox.pdmodel.graphics.PDXObject-2.0.30,51,0.0,2,15
org.apache.pdfbox.pdmodel.graphics.blend.BlendComposite-2.0.30,3,0.0,2,6
org.apache.pdfbox.pdmodel.graphics.blend.BlendComposite.BlendCompositeContext-2.0.30,4,0.0,2,22
org.apache.pdfbox.pdmodel.graphics.blend.BlendMode-2.0.30,15,0.0,3,46
org.apache.pdfbox.pdmodel.graphics.blend.BlendModeTest-2.0.30,2,0.0,1,3
org.apache.pdfbox.pdmodel.graphics.blend.NonSeparableBlendMode-2.0.30,2,1.0,1,1
org.apache.pdfbox.pdmodel.graphics.blend.SeparableBlendMode-2.0.30,2,1.0,1,1
org.apache.pdfbox.pdmodel.graphics.color.PDCIEBasedColorSpace-2.0.30,4,1.0,2,5
org.apache.pdfbox.pdmodel.graphics.color.PDCIEDictionaryBasedColorSpace-2.0.30,11,2.0,2,14
org.apache.pdfbox.pdmodel.graphics.color.PDCalGray-2.0.30,9,3.0,5,12
org.apache.pdfbox.pdmodel.graphics.color.PDCalRGB-2.0.30,9,3.0,5,16
org.apache.pdfbox.pdmodel.graphics.color.PDColor-2.0.30,69,0.0,1,18
org.apache.pdfbox.pdmodel.graphics.color.PDColorSpace-2.0.30,82,0.0,11,39
org.apache.pdfbox.pdmodel.graphics.color.PDDeviceCMYK-2.0.30,18,2.0,6,19
org.apache.pdfbox.pdmodel.graphics.color.PDDeviceCMYKTest-2.0.30,2,2.0,1,1
org.apache.pdfbox.pdmodel.graphics.color.PDDeviceCMYKTest.CustomDeviceCMYK-2.0.30,2,3.0,0,1
org.apache.pdfbox.pdmodel.graphics.color.PDDeviceColorSpace-2.0.30,7,1.0,1,2
org.apache.pdfbox.pdmodel.graphics.color.PDDeviceGray-2.0.30,27,2.0,7,10
org.apache.pdfbox.pdmodel.graphics.color.PDDeviceN-2.0.30,18,2.0,4,60
org.apache.pdfbox.pdmodel.graphics.color.PDDeviceNAttributes-2.0.30,9,0.0,1,14
org.apache.pdfbox.pdmodel.graphics.color.PDDeviceNProcess-2.0.30,8,0.0,1,10
org.apache.pdfbox.pdmodel.graphics.color.PDDeviceRGB-2.0.30,35,2.0,7,8
org.apache.pdfbox.pdmodel.graphics.color.PDGamma-2.0.30,9,0.0,1,10
org.apache.pdfbox.pdmodel.graphics.color.PDICCBased-2.0.30,32,2.0,4,73
org.apache.pdfbox.pdmodel.graphics.color.PDICCBasedTest-2.0.30,2,0.0,1,2
org.apache.pdfbox.pdmodel.graphics.color.PDIndexed-2.0.30,21,2.0,5,33
org.apache.pdfbox.pdmodel.graphics.color.PDJPXColorSpace-2.0.30,5,1.0,5,10
org.apache.pdfbox.pdmodel.graphics.color.PDLab-2.0.30,10,3.0,4,24
org.apache.pdfbox.pdmodel.graphics.color.PDLabTest-2.0.30,8,2.0,1,1
org.apache.pdfbox.pdmodel.graphics.color.PDOutputIntent-2.0.30,11,0.0,2,13
org.apache.pdfbox.pdmodel.graphics.color.PDPattern-2.0.30,17,2.0,9,13
org.apache.pdfbox.pdmodel.graphics.color.PDSeparation-2.0.30,19,2.0,6,29
org.apache.pdfbox.pdmodel.graphics.color.PDSpecialColorSpace-2.0.30,6,1.0,1,1
org.apache.pdfbox.pdmodel.graphics.color.PDTristimulus-2.0.30,8,0.0,1,11
org.apache.pdfbox.pdmodel.graphics.form.PDFormXObject-2.0.30,69,1.0,9,27
org.apache.pdfbox.pdmodel.graphics.form.PDTransparencyGroup-2.0.30,14,2.0,0,3
org.apache.pdfbox.pdmodel.graphics.form.PDTransparencyGroupAttributes-2.0.30,8,0.0,1,8
org.apache.pdfbox.pdmodel.graphics.image.CCITTFactory-2.0.30,15,0.0,1,58
org.apache.pdfbox.pdmodel.graphics.image.CCITTFactoryTest-2.0.30,10,2.0,1,14
org.apache.pdfbox.pdmodel.graphics.image.JPEGFactory-2.0.30,17,0.0,1,43
org.apache.pdfbox.pdmodel.graphics.image.JPEGFactory.Dimensions-2.0.30,1,0.0,0,0
org.apache.pdfbox.pdmodel.graphics.image.JPEGFactoryTest-2.0.30,11,2.0,1,20
org.apache.pdfbox.pdmodel.graphics.image.LosslessFactory-2.0.30,19,0.0,1,28
org.apache.pdfbox.pdmodel.graphics.image.LosslessFactory.PredictorEncoder-2.0.30,15,0.0,1,50
org.apache.pdfbox.pdmodel.graphics.image.LosslessFactoryTest-2.0.30,11,2.0,1,39
org.apache.pdfbox.pdmodel.graphics.image.PDImageXObject-2.0.30,58,1.0,13,115
org.apache.pdfbox.pdmodel.graphics.image.PDImageXObjectTest-2.0.30,6,0.0,1,21
org.apache.pdfbox.pdmodel.graphics.image.PDInlineImage-2.0.30,20,0.0,3,54
org.apache.pdfbox.pdmodel.graphics.image.PDInlineImageTest-2.0.30,12,2.0,1,16
org.apache.pdfbox.pdmodel.graphics.image.PNGConverter-2.0.30,23,0.0,1,105
org.apache.pdfbox.pdmodel.graphics.image.PNGConverter.Chunk-2.0.30,3,0.0,1,1
org.apache.pdfbox.pdmodel.graphics.image.PNGConverter.MultipleInputStream-2.0.30,1,0.0,1,11
org.apache.pdfbox.pdmodel.graphics.image.PNGConverter.PNGConverterState-2.0.30,3,0.0,0,0
org.apache.pdfbox.pdmodel.graphics.image.PNGConverterTest-2.0.30,18,0.0,3,28
org.apache.pdfbox.pdmodel.graphics.image.SampledImageReader-2.0.30,10,0.0,1,80
org.apache.pdfbox.pdmodel.graphics.image.ValidateXImage-2.0.30,18,0.0,4,22
org.apache.pdfbox.pdmodel.graphics.image.ValidateXImage.NullOutputStream-2.0.30,1,0.0,1,1
org.apache.pdfbox.pdmodel.graphics.optionalcontent.PDOptionalContentGroup-2.0.30,12,1.0,1,15
org.apache.pdfbox.pdmodel.graphics.optionalcontent.PDOptionalContentGroup.RenderState-2.0.30,3,,4,4
org.apache.pdfbox.pdmodel.graphics.optionalcontent.PDOptionalContentMembershipDictionary-2.0.30,6,1.0,1,12
org.apache.pdfbox.pdmodel.graphics.optionalcontent.PDOptionalContentProperties-2.0.30,15,0.0,1,48
org.apache.pdfbox.pdmodel.graphics.optionalcontent.PDOptionalContentProperties.BaseState-2.0.30,3,,4,4
org.apache.pdfbox.pdmodel.graphics.optionalcontent.TestOptionalContentGroups-2.0.30,18,2.0,1,13
org.apache.pdfbox.pdmodel.graphics.pattern.PDAbstractPattern-2.0.30,20,0.0,3,14
org.apache.pdfbox.pdmodel.graphics.pattern.PDShadingPattern-2.0.30,7,1.0,3,11
org.apache.pdfbox.pdmodel.graphics.pattern.PDTilingPattern-2.0.30,24,1.0,9,22
org.apache.pdfbox.pdmodel.graphics.shading.AxialShadingContext-2.0.30,8,1.0,1,24
org.apache.pdfbox.pdmodel.graphics.shading.AxialShadingPaint-2.0.30,4,1.0,2,3
org.apache.pdfbox.pdmodel.graphics.shading.CoonsPatch-2.0.30,6,1.0,2,19
org.apache.pdfbox.pdmodel.graphics.shading.CoordinateColorPair-2.0.30,4,0.0,0,1
org.apache.pdfbox.pdmodel.graphics.shading.CubicBezierCurve-2.0.30,2,0.0,3,9
org.apache.pdfbox.pdmodel.graphics.shading.GouraudShadingContext-2.0.30,6,2.0,1,5
org.apache.pdfbox.pdmodel.graphics.shading.IntPoint-2.0.30,2,0.0,0,7
org.apache.pdfbox.pdmodel.graphics.shading.Line-2.0.30,4,0.0,2,13
org.apache.pdfbox.pdmodel.graphics.shading.PDMeshBasedShadingType-2.0.30,13,3.0,2,23
org.apache.pdfbox.pdmodel.graphics.shading.PDShading-2.0.30,36,0.0,5,46
org.apache.pdfbox.pdmodel.graphics.shading.PDShadingType1-2.0.30,8,1.0,4,9
org.apache.pdfbox.pdmodel.graphics.shading.PDShadingType2-2.0.30,10,1.0,5,12
org.apache.pdfbox.pdmodel.graphics.shading.PDShadingType3-2.0.30,7,2.0,2,3
org.apache.pdfbox.pdmodel.graphics.shading.PDShadingType4-2.0.30,14,2.0,3,19
org.apache.pdfbox.pdmodel.graphics.shading.PDShadingType5-2.0.30,12,2.0,3,17
org.apache.pdfbox.pdmodel.graphics.shading.PDShadingType6-2.0.30,8,4.0,4,5
org.apache.pdfbox.pdmodel.graphics.shading.PDShadingType7-2.0.30,8,4.0,4,5
org.apache.pdfbox.pdmodel.graphics.shading.PDTriangleBasedShadingType-2.0.30,13,1.0,3,23
org.apache.pdfbox.pdmodel.graphics.shading.Patch-2.0.30,9,0.0,6,16
org.apache.pdfbox.pdmodel.graphics.shading.PatchMeshesShadingContext-2.0.30,6,2.0,1,5
org.apache.pdfbox.pdmodel.graphics.shading.RadialShadingContext-2.0.30,9,1.0,1,33
org.apache.pdfbox.pdmodel.graphics.shading.RadialShadingPaint-2.0.30,4,1.0,2,3
org.apache.pdfbox.pdmodel.graphics.shading.ShadedTriangle-2.0.30,11,0.0,2,23
org.apache.pdfbox.pdmodel.graphics.shading.ShadingContext-2.0.30,8,0.0,4,9
org.apache.pdfbox.pdmodel.graphics.shading.ShadingPaint-2.0.30,9,0.0,2,3
org.apache.pdfbox.pdmodel.graphics.shading.TensorPatch-2.0.30,5,1.0,2,33
org.apache.pdfbox.pdmodel.graphics.shading.TriangleBasedShadingContext-2.0.30,10,1.0,3,22
org.apache.pdfbox.pdmodel.graphics.shading.Type1ShadingContext-2.0.30,7,1.0,1,12
org.apache.pdfbox.pdmodel.graphics.shading.Type1ShadingPaint-2.0.30,4,1.0,2,3
org.apache.pdfbox.pdmodel.graphics.shading.Type4ShadingContext-2.0.30,5,3.0,0,1
org.apache.pdfbox.pdmodel.graphics.shading.Type4ShadingPaint-2.0.30,4,1.0,2,3
org.apache.pdfbox.pdmodel.graphics.shading.Type5ShadingContext-2.0.30,5,3.0,0,1
org.apache.pdfbox.pdmodel.graphics.shading.Type5ShadingPaint-2.0.30,4,1.0,2,3
org.apache.pdfbox.pdmodel.graphics.shading.Type6ShadingContext-2.0.30,4,3.0,0,1
org.apache.pdfbox.pdmodel.graphics.shading.Type6ShadingPaint-2.0.30,4,1.0,2,3
org.apache.pdfbox.pdmodel.graphics.shading.Type7ShadingContext-2.0.30,4,3.0,0,1
org.apache.pdfbox.pdmodel.graphics.shading.Type7ShadingPaint-2.0.30,4,1.0,2,3
org.apache.pdfbox.pdmodel.graphics.shading.Vertex-2.0.30,4,0.0,0,4
org.apache.pdfbox.pdmodel.graphics.state.PDExtendedGraphicsState-2.0.30,31,0.0,1,84
org.apache.pdfbox.pdmodel.graphics.state.PDGraphicsState-2.0.30,48,0.0,25,70
org.apache.pdfbox.pdmodel.graphics.state.PDSoftMask-2.0.30,14,0.0,3,19
org.apache.pdfbox.pdmodel.graphics.state.PDTextState-2.0.30,19,0.0,9,19
org.apache.pdfbox.pdmodel.graphics.state.RenderingIntent-2.0.30,4,,2,5
org.apache.pdfbox.pdmodel.graphics.state.RenderingIntentTest-2.0.30,2,0.0,5,7
org.apache.pdfbox.pdmodel.graphics.state.RenderingMode-2.0.30,10,,5,6
org.apache.pdfbox.pdmodel.interactive.action.OpenMode-2.0.30,3,,2,0
org.apache.pdfbox.pdmodel.interactive.action.PDAction-2.0.30,39,0.0,1,12
org.apache.pdfbox.pdmodel.interactive.action.PDActionEmbeddedGoTo-2.0.30,13,1.0,4,21
org.apache.pdfbox.pdmodel.interactive.action.PDActionFactory-2.0.30,29,0.0,1,17
org.apache.pdfbox.pdmodel.interactive.action.PDActionGoTo-2.0.30,16,1.0,1,7
org.apache.pdfbox.pdmodel.interactive.action.PDActionHide-2.0.30,6,1.0,1,6
org.apache.pdfbox.pdmodel.interactive.action.PDActionImportData-2.0.30,5,1.0,1,4
org.apache.pdfbox.pdmodel.interactive.action.PDActionJavaScript-2.0.30,16,1.0,1,7
org.apache.pdfbox.pdmodel.interactive.action.PDActionLaunch-2.0.30,8,1.0,1,26
org.apache.pdfbox.pdmodel.interactive.action.PDActionMovie-2.0.30,4,1.0,1,4
org.apache.pdfbox.pdmodel.interactive.action.PDActionNamed-2.0.30,3,1.0,1,4
org.apache.pdfbox.pdmodel.interactive.action.PDActionRemoteGoTo-2.0.30,9,1.0,1,19
org.apache.pdfbox.pdmodel.interactive.action.PDActionResetForm-2.0.30,6,1.0,1,7
org.apache.pdfbox.pdmodel.interactive.action.PDActionSound-2.0.30,8,1.0,1,21
org.apache.pdfbox.pdmodel.interactive.action.PDActionSubmitForm-2.0.30,7,1.0,1,9
org.apache.pdfbox.pdmodel.interactive.action.PDActionThread-2.0.30,6,1.0,1,8
org.apache.pdfbox.pdmodel.interactive.action.PDActionURI-2.0.30,16,1.0,1,12
org.apache.pdfbox.pdmodel.interactive.action.PDActionURITest-2.0.30,5,0.0,3,4
org.apache.pdfbox.pdmodel.interactive.action.PDAdditionalActions-2.0.30,6,0.0,1,5
org.apache.pdfbox.pdmodel.interactive.action.PDAnnotationAdditionalActions-2.0.30,8,0.0,1,33
org.apache.pdfbox.pdmodel.interactive.action.PDDocumentCatalogAdditionalActions-2.0.30,5,0.0,1,18
org.apache.pdfbox.pdmodel.interactive.action.PDFormFieldAdditionalActions-2.0.30,10,0.0,1,15
org.apache.pdfbox.pdmodel.interactive.action.PDPageAdditionalActions-2.0.30,6,0.0,1,9
org.apache.pdfbox.pdmodel.interactive.action.PDTargetDirectory-2.0.30,8,0.0,1,27
org.apache.pdfbox.pdmodel.interactive.action.PDURIDictionary-2.0.30,3,0.0,1,5
org.apache.pdfbox.pdmodel.interactive.action.PDWindowsLaunchParams-2.0.30,4,0.0,1,11
org.apache.pdfbox.pdmodel.interactive.annotation.PDAnnotation-2.0.30,104,0.0,3,87
org.apache.pdfbox.pdmodel.interactive.annotation.PDAnnotationFileAttachment-2.0.30,7,2.0,3,7
org.apache.pdfbox.pdmodel.interactive.annotation.PDAnnotationLine-2.0.30,19,2.0,11,41
org.apache.pdfbox.pdmodel.interactive.annotation.PDAnnotationLink-2.0.30,21,1.0,8,22
org.apache.pdfbox.pdmodel.interactive.annotation.PDAnnotationMarkup-2.0.30,38,1.0,27,89
org.apache.pdfbox.pdmodel.interactive.annotation.PDAnnotationPopup-2.0.30,5,1.0,3,6
org.apache.pdfbox.pdmodel.interactive.annotation.PDAnnotationRubberStamp-2.0.30,9,2.0,1,4
org.apache.pdfbox.pdmodel.interactive.annotation.PDAnnotationSquareCircle-2.0.30,20,2.0,5,25
org.apache.pdfbox.pdmodel.interactive.annotation.PDAnnotationTest-2.0.30,8,0.0,1,2
org.apache.pdfbox.pdmodel.interactive.annotation.PDAnnotationText-2.0.30,10,2.0,6,14
org.apache.pdfbox.pdmodel.interactive.annotation.PDAnnotationTextMarkup-2.0.30,16,2.0,2,17
org.apache.pdfbox.pdmodel.interactive.annotation.PDAnnotationUnknown-2.0.30,7,1.0,0,1
org.apache.pdfbox.pdmodel.interactive.annotation.PDAnnotationWidget-2.0.30,49,1.0,6,19
org.apache.pdfbox.pdmodel.interactive.annotation.PDAppearanceCharacteristicsDictionary-2.0.30,22,0.0,1,26
org.apache.pdfbox.pdmodel.interactive.annotation.PDAppearanceDictionary-2.0.30,25,0.0,1,15
org.apache.pdfbox.pdmodel.interactive.annotation.PDAppearanceEntry-2.0.30,18,0.0,1,11
org.apache.pdfbox.pdmodel.interactive.annotation.PDAppearanceStream-2.0.30,28,2.0,0,2
org.apache.pdfbox.pdmodel.interactive.annotation.PDBorderEffectDictionary-2.0.30,9,0.0,1,7
org.apache.pdfbox.pdmodel.interactive.annotation.PDBorderStyleDictionary-2.0.30,24,0.0,1,12
org.apache.pdfbox.pdmodel.interactive.annotation.PDExternalDataDictionary-2.0.30,4,0.0,1,6
org.apache.pdfbox.pdmodel.interactive.annotation.handlers.AnnotationBorder-2.0.30,14,0.0,1,11
org.apache.pdfbox.pdmodel.interactive.annotation.handlers.CloudyBorder-2.0.30,8,0.0,1,116
org.apache.pdfbox.pdmodel.interactive.annotation.handlers.PDAbstractAppearanceHandler-2.0.30,36,0.0,5,47
org.apache.pdfbox.pdmodel.interactive.annotation.handlers.PDCaretAppearanceHandler-2.0.30,13,1.0,3,6
org.apache.pdfbox.pdmodel.interactive.annotation.handlers.PDCircleAppearanceHandler-2.0.30,17,1.0,3,10
org.apache.pdfbox.pdmodel.interactive.annotation.handlers.PDFileAttachmentAppearanceHandler-2.0.30,10,1.0,3,7
org.apache.pdfbox.pdmodel.interactive.annotation.handlers.PDFreeTextAppearanceHandler-2.0.30,38,1.0,3,50
org.apache.pdfbox.pdmodel.interactive.annotation.handlers.PDHighlightAppearanceHandler-2.0.30,20,1.0,3,17
org.apache.pdfbox.pdmodel.interactive.annotation.handlers.PDInkAppearanceHandler-2.0.30,11,1.0,3,14
org.apache.pdfbox.pdmodel.interactive.annotation.handlers.PDLineAppearanceHandler-2.0.30,15,1.0,3,26
org.apache.pdfbox.pdmodel.interactive.annotation.handlers.PDLinkAppearanceHandler-2.0.30,15,1.0,3,19
org.apache.pdfbox.pdmodel.interactive.annotation.handlers.PDPolygonAppearanceHandler-2.0.30,17,1.0,3,22
org.apache.pdfbox.pdmodel.interactive.annotation.handlers.PDPolylineAppearanceHandler-2.0.30,17,1.0,4,24
org.apache.pdfbox.pdmodel.interactive.annotation.handlers.PDSoundAppearanceHandler-2.0.30,4,1.0,3,5
org.apache.pdfbox.pdmodel.interactive.annotation.handlers.PDSquareAppearanceHandler-2.0.30,17,1.0,3,10
org.apache.pdfbox.pdmodel.interactive.annotation.handlers.PDSquigglyAppearanceHandler-2.0.30,22,1.0,3,11
org.apache.pdfbox.pdmodel.interactive.annotation.handlers.PDStrikeoutAppearanceHandler-2.0.30,12,1.0,3,14
org.apache.pdfbox.pdmodel.interactive.annotation.handlers.PDTextAppearanceHandler-2.0.30,17,1.0,3,50
org.apache.pdfbox.pdmodel.interactive.annotation.handlers.PDUnderlineAppearanceHandler-2.0.30,12,1.0,3,14
org.apache.pdfbox.pdmodel.interactive.annotation.layout.AppearanceStyle-2.0.30,4,0.0,2,6
org.apache.pdfbox.pdmodel.interactive.annotation.layout.PlainText-2.0.30,6,0.0,1,6
org.apache.pdfbox.pdmodel.interactive.annotation.layout.PlainText.Line-2.0.30,6,0.0,1,8
org.apache.pdfbox.pdmodel.interactive.annotation.layout.PlainText.Paragraph-2.0.30,6,0.0,1,6
org.apache.pdfbox.pdmodel.interactive.annotation.layout.PlainText.TextAttribute-2.0.30,3,0.0,0,1
org.apache.pdfbox.pdmodel.interactive.annotation.layout.PlainText.Word-2.0.30,3,0.0,2,4
org.apache.pdfbox.pdmodel.interactive.annotation.layout.PlainTextFormatter-2.0.30,12,0.0,1,19
org.apache.pdfbox.pdmodel.interactive.annotation.layout.PlainTextFormatter.Builder-2.0.30,6,0.0,7,9
org.apache.pdfbox.pdmodel.interactive.annotation.layout.PlainTextFormatter.TextAlign-2.0.30,2,,2,5
org.apache.pdfbox.pdmodel.interactive.digitalsignature.COSFilterInputStream-2.0.30,4,0.0,2,15
org.apache.pdfbox.pdmodel.interactive.digitalsignature.PDPropBuild-2.0.30,6,0.0,1,12
org.apache.pdfbox.pdmodel.interactive.digitalsignature.PDPropBuildDataDict-2.0.30,6,0.0,1,24
org.apache.pdfbox.pdmodel.interactive.digitalsignature.PDSeedValue-2.0.30,10,0.0,1,55
org.apache.pdfbox.pdmodel.interactive.digitalsignature.PDSeedValueCertificate-2.0.30,8,0.0,1,65
org.apache.pdfbox.pdmodel.interactive.digitalsignature.PDSeedValueMDP-2.0.30,4,0.0,1,6
org.apache.pdfbox.pdmodel.interactive.digitalsignature.PDSeedValueTimeStamp-2.0.30,4,0.0,1,8
org.apache.pdfbox.pdmodel.interactive.digitalsignature.PDSignature-2.0.30,26,0.0,1,40
org.apache.pdfbox.pdmodel.interactive.digitalsignature.SignatureOptions-2.0.30,11,0.0,3,14
org.apache.pdfbox.pdmodel.interactive.digitalsignature.SigningSupport-2.0.30,3,0.0,1,5
org.apache.pdfbox.pdmodel.interactive.digitalsignature.visible.PDFTemplateCreator-2.0.30,15,0.0,1,4
org.apache.pdfbox.pdmodel.interactive.digitalsignature.visible.PDFTemplateStructure-2.0.30,20,0.0,26,55
org.apache.pdfbox.pdmodel.interactive.digitalsignature.visible.PDVisibleSigBuilder-2.0.30,28,0.0,1,34
org.apache.pdfbox.pdmodel.interactive.digitalsignature.visible.PDVisibleSigProperties-2.0.30,6,0.0,7,17
org.apache.pdfbox.pdmodel.interactive.digitalsignature.visible.PDVisibleSignDesigner-2.0.30,9,0.0,5,49
org.apache.pdfbox.pdmodel.interactive.documentnavigation.destination.PDDestination-2.0.30,25,0.0,1,10
org.apache.pdfbox.pdmodel.interactive.documentnavigation.destination.PDNamedDestination-2.0.30,9,1.0,1,10
org.apache.pdfbox.pdmodel.interactive.documentnavigation.destination.PDPageDestination-2.0.30,26,1.0,1,23
org.apache.pdfbox.pdmodel.interactive.documentnavigation.destination.PDPageFitDestination-2.0.30,4,2.0,1,5
org.apache.pdfbox.pdmodel.interactive.documentnavigation.destination.PDPageFitHeightDestination-2.0.30,3,2.0,1,8
org.apache.pdfbox.pdmodel.interactive.documentnavigation.destination.PDPageFitRectangleDestination-2.0.30,3,2.0,1,14
org.apache.pdfbox.pdmodel.interactive.documentnavigation.destination.PDPageFitWidthDestination-2.0.30,5,2.0,1,8
org.apache.pdfbox.pdmodel.interactive.documentnavigation.destination.PDPageXYZDestination-2.0.30,7,2.0,1,12
org.apache.pdfbox.pdmodel.interactive.documentnavigation.outline.PDDocumentOutline-2.0.30,15,2.0,3,5
org.apache.pdfbox.pdmodel.interactive.documentnavigation.outline.PDDocumentOutlineTest-2.0.30,3,0.0,2,2
org.apache.pdfbox.pdmodel.interactive.documentnavigation.outline.PDOutlineItem-2.0.30,33,2.0,6,40
org.apache.pdfbox.pdmodel.interactive.documentnavigation.outline.PDOutlineItemIterator-2.0.30,4,0.0,2,8
org.apache.pdfbox.pdmodel.interactive.documentnavigation.outline.PDOutlineItemIteratorTest-2.0.30,2,0.0,4,4
org.apache.pdfbox.pdmodel.interactive.documentnavigation.outline.PDOutlineItemTest-2.0.30,2,0.0,1,15
org.apache.pdfbox.pdmodel.interactive.documentnavigation.outline.PDOutlineNode-2.0.30,18,1.0,1,36
org.apache.pdfbox.pdmodel.interactive.documentnavigation.outline.PDOutlineNodeTest-2.0.30,3,0.0,3,30
org.apache.pdfbox.pdmodel.interactive.form.AcroFormsRotationTest-2.0.30,5,0.0,1,4
org.apache.pdfbox.pdmodel.interactive.form.AlignmentTest-2.0.30,5,0.0,1,4
org.apache.pdfbox.pdmodel.interactive.form.AppearanceGeneratorHelper-2.0.30,49,0.0,1,98
org.apache.pdfbox.pdmodel.interactive.form.AppearanceStyle-2.0.30,4,0.0,2,6
org.apache.pdfbox.pdmodel.interactive.form.CombAlignmentTest-2.0.30,5,0.0,1,3
org.apache.pdfbox.pdmodel.interactive.form.ControlCharacterTest-2.0.30,8,0.0,1,14
org.apache.pdfbox.pdmodel.interactive.form.FieldUtils-2.0.30,7,0.0,4,13
org.apache.pdfbox.pdmodel.interactive.form.FieldUtils.KeyValue-2.0.30,4,0.0,2,4
org.apache.pdfbox.pdmodel.interactive.form.FieldUtils.KeyValueKeyComparator-2.0.30,2,0.0,1,1
org.apache.pdfbox.pdmodel.interactive.form.FieldUtils.KeyValueValueComparator-2.0.30,2,0.0,1,1
org.apache.pdfbox.pdmodel.interactive.form.HandleDifferentDALevelsTest-2.0.30,12,0.0,1,12
org.apache.pdfbox.pdmodel.interactive.form.MultilineFieldsTest-2.0.30,12,0.0,1,14
org.apache.pdfbox.pdmodel.interactive.form.PDAcroForm-2.0.30,102,0.0,3,93
org.apache.pdfbox.pdmodel.interactive.form.PDAcroFormFlattenTest-2.0.30,5,0.0,1,30
org.apache.pdfbox.pdmodel.interactive.form.PDAcroFormFromAnnotsTest-2.0.30,14,0.0,3,14
org.apache.pdfbox.pdmodel.interactive.form.PDAcroFormFromAnnotsTest.CreateFieldsFixup-2.0.30,4,1.0,1,2
org.apache.pdfbox.pdmodel.interactive.form.PDAcroFormGenerateAppearancesTest-2.0.30,3,0.0,3,3
org.apache.pdfbox.pdmodel.interactive.form.PDAcroFormTest-2.0.30,19,0.0,5,22
org.apache.pdfbox.pdmodel.interactive.form.PDButton-2.0.30,23,2.0,2,48
org.apache.pdfbox.pdmodel.interactive.form.PDButtonTest-2.0.30,13,0.0,1,26
org.apache.pdfbox.pdmodel.interactive.form.PDCheckBox-2.0.30,16,3.0,1,10
org.apache.pdfbox.pdmodel.interactive.form.PDChoice-2.0.30,19,3.0,2,42
org.apache.pdfbox.pdmodel.interactive.form.PDChoiceTest-2.0.30,11,0.0,1,6
org.apache.pdfbox.pdmodel.interactive.form.PDComboBox-2.0.30,10,4.0,2,6
org.apache.pdfbox.pdmodel.interactive.form.PDDefaultAppearanceString-2.0.30,21,0.0,1,35
org.apache.pdfbox.pdmodel.interactive.form.PDDefaultAppearanceStringTest-2.0.30,7,0.0,1,4
org.apache.pdfbox.pdmodel.interactive.form.PDField-2.0.30,67,0.0,5,45
org.apache.pdfbox.pdmodel.interactive.form.PDFieldFactory-2.0.30,17,0.0,1,18
org.apache.pdfbox.pdmodel.interactive.form.PDFieldTree-2.0.30,3,0.0,1,3
org.apache.pdfbox.pdmodel.interactive.form.PDFieldTree.FieldIterator-2.0.30,5,0.0,2,10
org.apache.pdfbox.pdmodel.interactive.form.PDFieldTreeTest-2.0.30,4,0.0,1,2
org.apache.pdfbox.pdmodel.interactive.form.PDListBox-2.0.30,11,4.0,2,6
org.apache.pdfbox.pdmodel.interactive.form.PDNonTerminalField-2.0.30,26,1.0,5,27
org.apache.pdfbox.pdmodel.interactive.form.PDPushButton-2.0.30,10,3.0,6,10
org.apache.pdfbox.pdmodel.interactive.form.PDRadioButton-2.0.30,15,3.0,3,11
org.apache.pdfbox.pdmodel.interactive.form.PDSignatureField-2.0.30,22,2.0,6,23
org.apache.pdfbox.pdmodel.interactive.form.PDSignatureFieldTest-2.0.30,10,0.0,2,4
org.apache.pdfbox.pdmodel.interactive.form.PDTerminalField-2.0.30,43,1.0,6,24
org.apache.pdfbox.pdmodel.interactive.form.PDTextField-2.0.30,21,3.0,4,24
org.apache.pdfbox.pdmodel.interactive.form.PDTextFieldTest-2.0.30,9,0.0,1,3
org.apache.pdfbox.pdmodel.interactive.form.PDVariableText-2.0.30,22,2.0,4,20
org.apache.pdfbox.pdmodel.interactive.form.PDXFAResource-2.0.30,7,0.0,1,11
org.apache.pdfbox.pdmodel.interactive.form.PlainText-2.0.30,7,0.0,1,7
org.apache.pdfbox.pdmodel.interactive.form.PlainText.Line-2.0.30,6,0.0,1,8
org.apache.pdfbox.pdmodel.interactive.form.PlainText.Paragraph-2.0.30,7,0.0,1,10
org.apache.pdfbox.pdmodel.interactive.form.PlainText.TextAttribute-2.0.30,3,0.0,0,1
org.apache.pdfbox.pdmodel.interactive.form.PlainText.Word-2.0.30,3,0.0,2,4
org.apache.pdfbox.pdmodel.interactive.form.PlainTextFormatter-2.0.30,11,0.0,1,19
org.apache.pdfbox.pdmodel.interactive.form.PlainTextFormatter.Builder-2.0.30,6,0.0,7,9
org.apache.pdfbox.pdmodel.interactive.form.PlainTextFormatter.TextAlign-2.0.30,2,,2,5
org.apache.pdfbox.pdmodel.interactive.form.PlainTextTest-2.0.30,1,0.0,6,6
org.apache.pdfbox.pdmodel.interactive.form.TestCheckBox-2.0.30,18,2.0,4,6
org.apache.pdfbox.pdmodel.interactive.form.TestFields-2.0.30,12,2.0,4,9
org.apache.pdfbox.pdmodel.interactive.form.TestListBox-2.0.30,8,2.0,3,5
org.apache.pdfbox.pdmodel.interactive.form.TestRadioButtons-2.0.30,16,0.0,9,10
org.apache.pdfbox.pdmodel.interactive.measurement.PDMeasureDictionary-2.0.30,5,0.0,2,6
org.apache.pdfbox.pdmodel.interactive.measurement.PDNumberFormatDictionary-2.0.30,4,0.0,2,26
org.apache.pdfbox.pdmodel.interactive.measurement.PDRectlinearMeasureDictionary-2.0.30,5,1.0,16,39
org.apache.pdfbox.pdmodel.interactive.measurement.PDViewportDictionary-2.0.30,8,0.0,2,12
org.apache.pdfbox.pdmodel.interactive.pagenavigation.PDThread-2.0.30,5,0.0,1,10
org.apache.pdfbox.pdmodel.interactive.pagenavigation.PDThreadBead-2.0.30,9,0.0,1,17
org.apache.pdfbox.pdmodel.interactive.pagenavigation.PDTransition-2.0.30,14,1.0,7,17
org.apache.pdfbox.pdmodel.interactive.pagenavigation.PDTransitionDimension-2.0.30,2,,2,0
org.apache.pdfbox.pdmodel.interactive.pagenavigation.PDTransitionDirection-2.0.30,7,,3,3
org.apache.pdfbox.pdmodel.interactive.pagenavigation.PDTransitionDirectionTest-2.0.30,3,0.0,1,1
org.apache.pdfbox.pdmodel.interactive.pagenavigation.PDTransitionMotion-2.0.30,2,,2,0
org.apache.pdfbox.pdmodel.interactive.pagenavigation.PDTransitionStyle-2.0.30,3,,2,0
org.apache.pdfbox.pdmodel.interactive.pagenavigation.PDTransitionTest-2.0.30,9,0.0,6,10
org.apache.pdfbox.pdmodel.interactive.viewerpreferences.PDViewerPreferences-2.0.30,13,0.0,1,36
org.apache.pdfbox.pdmodel.interactive.viewerpreferences.PDViewerPreferences.BOUNDARY-2.0.30,1,,2,0
org.apache.pdfbox.pdmodel.interactive.viewerpreferences.PDViewerPreferences.DUPLEX-2.0.30,4,,2,0
org.apache.pdfbox.pdmodel.interactive.viewerpreferences.PDViewerPreferences.NON_FULL_SCREEN_PAGE_MODE-2.0.30,1,,2,0
org.apache.pdfbox.pdmodel.interactive.viewerpreferences.PDViewerPreferences.PRINT_SCALING-2.0.30,1,,2,0
org.apache.pdfbox.pdmodel.interactive.viewerpreferences.PDViewerPreferences.READING_DIRECTION-2.0.30,1,,2,0
org.apache.pdfbox.preflight.Benchmark-2.0.30,7,0.0,1,7
org.apache.pdfbox.preflight.Format-2.0.30,5,,3,2
org.apache.pdfbox.preflight.PreflightConfiguration-2.0.30,42,0.0,3,25
org.apache.pdfbox.preflight.PreflightContext-2.0.30,89,0.0,10,30
org.apache.pdfbox.preflight.PreflightDocument-2.0.30,26,1.0,3,19
org.apache.pdfbox.preflight.PreflightPath-2.0.30,16,0.0,1,14
org.apache.pdfbox.preflight.TestInvalidDirectory-2.0.30,6,0.0,2,11
org.apache.pdfbox.preflight.TestIsartorBavaria-2.0.30,7,0.0,2,32
org.apache.pdfbox.preflight.TestPDFBox3741-2.0.30,4,0.0,1,1
org.apache.pdfbox.preflight.TestPreflightConfiguration-2.0.30,6,0.0,2,8
org.apache.pdfbox.preflight.TestPreflightPath-2.0.30,1,0.0,2,2
org.apache.pdfbox.preflight.TestValidDirectory-2.0.30,6,0.0,2,11
org.apache.pdfbox.preflight.ValidationResult-2.0.30,20,0.0,2,15
org.apache.pdfbox.preflight.ValidationResult.ValidationError-2.0.30,81,0.0,6,46
org.apache.pdfbox.preflight.Validator_A1b-2.0.30,10,0.0,1,22
org.apache.pdfbox.preflight.action.AbstractActionManager-2.0.30,17,0.0,1,11
org.apache.pdfbox.preflight.action.ActionManagerFactory-2.0.30,27,0.0,1,25
org.apache.pdfbox.preflight.action.GoToAction-2.0.30,12,1.0,1,3
org.apache.pdfbox.preflight.action.GoToRemoteAction-2.0.30,16,2.0,1,10
org.apache.pdfbox.preflight.action.HideAction-2.0.30,11,1.0,1,5
org.apache.pdfbox.preflight.action.InvalidAction-2.0.30,6,1.0,1,2
org.apache.pdfbox.preflight.action.NamedAction-2.0.30,7,1.0,1,4
org.apache.pdfbox.preflight.action.SubmitAction-2.0.30,8,1.0,1,3
org.apache.pdfbox.preflight.action.ThreadAction-2.0.30,11,1.0,1,4
org.apache.pdfbox.preflight.action.UndefAction-2.0.30,6,1.0,1,2
org.apache.pdfbox.preflight.action.UriAction-2.0.30,11,1.0,1,4
org.apache.pdfbox.preflight.action.pdfa1b.AbstractTestAction-2.0.30,20,0.0,1,11
org.apache.pdfbox.preflight.action.pdfa1b.TestForbiddenAction-2.0.30,4,1.0,1,7
org.apache.pdfbox.preflight.action.pdfa1b.TestGotoAction-2.0.30,5,1.0,3,5
org.apache.pdfbox.preflight.action.pdfa1b.TestGotoRemoteAction-2.0.30,5,1.0,3,13
org.apache.pdfbox.preflight.action.pdfa1b.TestHideAction-2.0.30,4,1.0,1,5
org.apache.pdfbox.preflight.action.pdfa1b.TestNamedAction-2.0.30,4,1.0,1,7
org.apache.pdfbox.preflight.action.pdfa1b.TestSubmitAction-2.0.30,4,1.0,1,6
org.apache.pdfbox.preflight.action.pdfa1b.TestThreadAction-2.0.30,4,1.0,1,4
org.apache.pdfbox.preflight.action.pdfa1b.TestUriAction-2.0.30,7,1.0,3,6
org.apache.pdfbox.preflight.annotation.AnnotationValidator-2.0.30,31,0.0,1,34
org.apache.pdfbox.preflight.annotation.AnnotationValidatorFactory-2.0.30,11,0.0,3,5
org.apache.pdfbox.preflight.annotation.FreeTextAnnotationValidator-2.0.30,6,1.0,1,2
org.apache.pdfbox.preflight.annotation.InkAnnotationValidator-2.0.30,7,1.0,1,2
org.apache.pdfbox.preflight.annotation.LineAnnotationValidator-2.0.30,9,1.0,2,5
org.apache.pdfbox.preflight.annotation.LinkAnnotationValidator-2.0.30,13,1.0,1,5
org.apache.pdfbox.preflight.annotation.MarkupAnnotationValidator-2.0.30,7,1.0,1,2
org.apache.pdfbox.preflight.annotation.PopupAnnotationValidator-2.0.30,5,1.0,0,1
org.apache.pdfbox.preflight.annotation.PrintMarkAnnotationValidator-2.0.30,5,1.0,0,1
org.apache.pdfbox.preflight.annotation.RubberStampAnnotationValidator-2.0.30,5,1.0,0,1
org.apache.pdfbox.preflight.annotation.SquareCircleAnnotationValidator-2.0.30,8,1.0,1,4
org.apache.pdfbox.preflight.annotation.TextAnnotationValidator-2.0.30,8,1.0,1,3
org.apache.pdfbox.preflight.annotation.TrapNetAnnotationValidator-2.0.30,5,1.0,0,1
org.apache.pdfbox.preflight.annotation.WidgetAnnotationValidator-2.0.30,8,1.0,1,4
org.apache.pdfbox.preflight.annotation.pdfa.PDFAbAnnotationFactory-2.0.30,15,1.0,1,1
org.apache.pdfbox.preflight.content.ContentStreamException-2.0.30,5,1.0,1,5
org.apache.pdfbox.preflight.content.PreflightContentStream-2.0.30,27,2.0,2,33
org.apache.pdfbox.preflight.content.PreflightStreamEngine-2.0.30,73,1.0,1,60
org.apache.pdfbox.preflight.content.PreflightStreamEngine.ColorSpaceType-2.0.30,1,,2,0
org.apache.pdfbox.preflight.content.StubOperator-2.0.30,13,1.0,2,42
org.apache.pdfbox.preflight.exception.MissingValidationProcessException-2.0.30,3,1.0,1,2
org.apache.pdfbox.preflight.exception.SyntaxValidationException-2.0.30,9,1.0,1,4
org.apache.pdfbox.preflight.exception.ValidationException-2.0.30,61,0.0,1,5
org.apache.pdfbox.preflight.font.CIDType0FontValidator-2.0.30,9,3.0,2,3
org.apache.pdfbox.preflight.font.CIDType2FontValidator-2.0.30,9,3.0,2,3
org.apache.pdfbox.preflight.font.DescendantFontValidator-2.0.30,17,2.0,1,11
org.apache.pdfbox.preflight.font.FontValidator-2.0.30,14,0.0,4,4
org.apache.pdfbox.preflight.font.SimpleFontValidator-2.0.30,15,1.0,1,11
org.apache.pdfbox.preflight.font.TrueTypeFontValidator-2.0.30,18,2.0,1,7
org.apache.pdfbox.preflight.font.Type0FontValidator-2.0.30,27,1.0,1,29
org.apache.pdfbox.preflight.font.Type1FontValidator-2.0.30,17,2.0,1,7
org.apache.pdfbox.preflight.font.Type3FontValidator-2.0.30,31,1.0,1,43
org.apache.pdfbox.preflight.font.container.CIDType0Container-2.0.30,4,1.0,1,2
org.apache.pdfbox.preflight.font.container.CIDType2Container-2.0.30,4,1.0,1,2
org.apache.pdfbox.preflight.font.container.FontContainer-2.0.30,26,0.0,3,18
org.apache.pdfbox.preflight.font.container.TrueTypeContainer-2.0.30,4,1.0,1,3
org.apache.pdfbox.preflight.font.container.Type0Container-2.0.30,4,1.0,1,9
org.apache.pdfbox.preflight.font.container.Type1Container-2.0.30,7,1.0,1,3
org.apache.pdfbox.preflight.font.container.Type3Container-2.0.30,3,1.0,1,2
org.apache.pdfbox.preflight.font.descriptor.CIDType0DescriptorHelper-2.0.30,17,1.0,1,10
org.apache.pdfbox.preflight.font.descriptor.CIDType2DescriptorHelper-2.0.30,17,1.0,1,9
org.apache.pdfbox.preflight.font.descriptor.FontDescriptorHelper-2.0.30,24,0.0,2,23
org.apache.pdfbox.preflight.font.descriptor.TrueTypeDescriptorHelper-2.0.30,18,1.0,1,8
org.apache.pdfbox.preflight.font.descriptor.Type1DescriptorHelper-2.0.30,14,1.0,1,10
org.apache.pdfbox.preflight.font.util.FontMetaDataValidation-2.0.30,14,0.0,1,15
org.apache.pdfbox.preflight.font.util.GlyphDetail-2.0.30,2,0.0,2,5
org.apache.pdfbox.preflight.font.util.GlyphException-2.0.30,4,0.0,2,5
org.apache.pdfbox.preflight.font.util.PreflightType3Stream-2.0.30,12,2.0,1,11
org.apache.pdfbox.preflight.graphic.ColorSpaceHelperFactory-2.0.30,13,0.0,1,4
org.apache.pdfbox.preflight.graphic.ColorSpaceHelperFactory.ColorSpaceRestriction-2.0.30,6,,2,0
org.apache.pdfbox.preflight.graphic.ColorSpaces-2.0.30,3,,3,3
org.apache.pdfbox.preflight.graphic.DeviceColorSpaceHelper-2.0.30,8,1.0,1,6
org.apache.pdfbox.preflight.graphic.ICCProfileWrapper-2.0.30,17,0.0,3,13
org.apache.pdfbox.preflight.graphic.NoPatternColorSpaceHelper-2.0.30,6,1.0,1,2
org.apache.pdfbox.preflight.graphic.StandardColorSpaceHelper-2.0.30,30,0.0,1,64
org.apache.pdfbox.preflight.integration.AbstractInvalidFileTester-2.0.30,9,0.0,1,16
org.apache.pdfbox.preflight.integration.TestInvalidFiles-2.0.30,2,1.0,2,9
org.apache.pdfbox.preflight.integration.TestIsartorValidation-2.0.30,2,1.0,2,9
org.apache.pdfbox.preflight.integration.TestValidFiles-2.0.30,6,0.0,3,13
org.apache.pdfbox.preflight.metadata.PDFAIdentificationValidation-2.0.30,9,0.0,1,10
org.apache.pdfbox.preflight.metadata.RDFAboutAttributeConcordanceValidation-2.0.30,5,0.0,1,5
org.apache.pdfbox.preflight.metadata.RDFAboutAttributeConcordanceValidation.DifferentRDFAboutException-2.0.30,2,0.0,0,1
org.apache.pdfbox.preflight.metadata.SynchronizedMetaDataValidation-2.0.30,20,0.0,3,65
org.apache.pdfbox.preflight.metadata.TestMetadataFiles-2.0.30,5,0.0,1,5
org.apache.pdfbox.preflight.metadata.TestSynchronizedMetadataValidation-2.0.30,12,0.0,1,19
org.apache.pdfbox.preflight.metadata.UniquePropertiesValidation-2.0.30,13,0.0,1,7
org.apache.pdfbox.preflight.metadata.XpacketParsingException-2.0.30,2,0.0,1,4
org.apache.pdfbox.preflight.parser.PreflightParser-2.0.30,44,3.0,2,97
org.apache.pdfbox.preflight.parser.TestPreflightConfiguration-2.0.30,4,0.0,3,3
org.apache.pdfbox.preflight.parser.TestPreflightConfiguration.MockProcess-2.0.30,5,0.0,1,1
org.apache.pdfbox.preflight.parser.TestPreflightConfiguration.MockProcess2-2.0.30,4,1.0,1,1
org.apache.pdfbox.preflight.parser.TestXmlResultParser-2.0.30,3,0.0,1,5
org.apache.pdfbox.preflight.parser.XmlResultParser-2.0.30,9,0.0,1,11
org.apache.pdfbox.preflight.process.AbstractProcess-2.0.30,25,0.0,1,13
org.apache.pdfbox.preflight.process.AcroFormValidationProcess-2.0.30,19,1.0,1,17
org.apache.pdfbox.preflight.process.BookmarkValidationProcess-2.0.30,21,1.0,1,34
org.apache.pdfbox.preflight.process.CatalogValidationProcess-2.0.30,26,1.0,1,30
org.apache.pdfbox.preflight.process.EmptyValidationProcess-2.0.30,5,0.0,1,1
org.apache.pdfbox.preflight.process.FileSpecificationValidationProcess-2.0.30,12,1.0,1,6
org.apache.pdfbox.preflight.process.MetadataValidationProcess-2.0.30,29,1.0,1,28
org.apache.pdfbox.preflight.process.PageTreeValidationProcess-2.0.30,14,1.0,1,6
org.apache.pdfbox.preflight.process.StreamValidationProcess-2.0.30,20,1.0,1,45
org.apache.pdfbox.preflight.process.TrailerValidationProcess-2.0.30,17,1.0,1,52
org.apache.pdfbox.preflight.process.XRefValidationProcess-2.0.30,8,1.0,1,3
org.apache.pdfbox.preflight.process.reflect.ActionsValidationProcess-2.0.30,11,1.0,1,4
org.apache.pdfbox.preflight.process.reflect.AnnotationValidationProcess-2.0.30,10,1.0,1,4
org.apache.pdfbox.preflight.process.reflect.DestinationValidationProcess-2.0.30,15,1.0,1,10
org.apache.pdfbox.preflight.process.reflect.ExtGStateValidationProcess-2.0.30,19,1.0,1,33
org.apache.pdfbox.preflight.process.reflect.FontValidationProcess-2.0.30,17,1.0,1,11
org.apache.pdfbox.preflight.process.reflect.GraphicObjectPageValidationProcess-2.0.30,15,1.0,1,6
org.apache.pdfbox.preflight.process.reflect.ResourcesValidationProcess-2.0.30,23,1.0,1,21
org.apache.pdfbox.preflight.process.reflect.ShadingPatternValidationProcess-2.0.30,15,1.0,1,6
org.apache.pdfbox.preflight.process.reflect.SinglePageValidationProcess-2.0.30,25,1.0,1,19
org.apache.pdfbox.preflight.process.reflect.TilingPatternValidationProcess-2.0.30,15,1.0,1,8
org.apache.pdfbox.preflight.utils.ByteArrayDataSource-2.0.30,1,0.0,3,7
org.apache.pdfbox.preflight.utils.COSUtils-2.0.30,39,0.0,1,42
org.apache.pdfbox.preflight.utils.ContextHelper-2.0.30,26,0.0,1,14
org.apache.pdfbox.preflight.utils.FilterHelper-2.0.30,7,0.0,1,8
org.apache.pdfbox.preflight.utils.RenderingIntents-2.0.30,3,0.0,1,2
org.apache.pdfbox.preflight.utils.TestCOSUtils-2.0.30,12,0.0,4,10
org.apache.pdfbox.preflight.utils.TestCOSUtils.IOCOSDocument-2.0.30,5,2.0,2,4
org.apache.pdfbox.preflight.xobject.AbstractXObjValidator-2.0.30,14,0.0,1,11
org.apache.pdfbox.preflight.xobject.XObjFormValidator-2.0.30,18,1.0,1,16
org.apache.pdfbox.preflight.xobject.XObjImageValidator-2.0.30,19,1.0,1,19
org.apache.pdfbox.preflight.xobject.XObjPostscriptValidator-2.0.30,5,1.0,1,2
org.apache.pdfbox.printing.Orientation-2.0.30,3,,2,0
org.apache.pdfbox.printing.PDFPageable-2.0.30,9,0.0,1,18
org.apache.pdfbox.printing.PDFPrintable-2.0.30,10,0.0,2,23
org.apache.pdfbox.printing.Scaling-2.0.30,3,,2,0
org.apache.pdfbox.rendering.CIDType0Glyph2D-2.0.30,5,0.0,1,5
org.apache.pdfbox.rendering.GroupGraphics-2.0.30,1,0.0,1,87
org.apache.pdfbox.rendering.ImageType-2.0.30,4,,3,5
org.apache.pdfbox.rendering.PDFRenderer-2.0.30,43,0.0,3,61
org.apache.pdfbox.rendering.PageDrawer-2.0.30,66,2.0,3,212
org.apache.pdfbox.rendering.PageDrawer.TransparencyGroup-2.0.30,16,0.0,5,19
org.apache.pdfbox.rendering.PageDrawerParameters-2.0.30,8,0.0,6,7
org.apache.pdfbox.rendering.RenderDestination-2.0.30,6,,2,0
org.apache.pdfbox.rendering.SoftMask-2.0.30,5,0.0,2,5
org.apache.pdfbox.rendering.SoftMask.SoftPaintContext-2.0.30,2,0.0,1,10
org.apache.pdfbox.rendering.TTFGlyph2D-2.0.30,11,0.0,1,16
org.apache.pdfbox.rendering.TestPDFToImage-2.0.30,11,0.0,1,32
org.apache.pdfbox.rendering.TestRendering-2.0.30,3,0.0,1,5
org.apache.pdfbox.rendering.TilingPaint-2.0.30,9,0.0,2,13
org.apache.pdfbox.rendering.TilingPaintFactory-2.0.30,8,0.0,1,4
org.apache.pdfbox.rendering.TilingPaintFactory.TilingPaintParameter-2.0.30,5,0.0,0,19
org.apache.pdfbox.rendering.Type1Glyph2D-2.0.30,6,0.0,1,14
org.apache.pdfbox.text.BidiTest-2.0.30,3,0.0,1,29
org.apache.pdfbox.text.LegacyPDFStreamEngine-2.0.30,46,1.0,1,23
org.apache.pdfbox.text.PDFMarkedContentExtractor-2.0.30,12,2.0,1,24
org.apache.pdfbox.text.PDFTextStripper-2.0.30,37,2.0,1,190
org.apache.pdfbox.text.PDFTextStripper.LineItem-2.0.30,2,0.0,2,5
org.apache.pdfbox.text.PDFTextStripper.PositionWrapper-2.0.30,2,0.0,6,12
org.apache.pdfbox.text.PDFTextStripper.WordWithTextPositions-2.0.30,2,0.0,2,3
org.apache.pdfbox.text.PDFTextStripperByArea-2.0.30,5,3.0,2,14
org.apache.pdfbox.text.TestTextStripper-2.0.30,11,2.0,4,46
org.apache.pdfbox.text.TestTextStripper.PDFTabulaTextStripper-2.0.30,8,3.0,1,7
org.apache.pdfbox.text.TextPosition-2.0.30,21,0.0,9,91
org.apache.pdfbox.text.TextPositionComparator-2.0.30,2,0.0,1,4
org.apache.pdfbox.tools.AngleCollector-2.0.30,3,3.0,1,3
org.apache.pdfbox.tools.DecompressObjectstreams-2.0.30,9,0.0,1,8
org.apache.pdfbox.tools.Decrypt-2.0.30,5,0.0,1,22
org.apache.pdfbox.tools.Encrypt-2.0.30,8,0.0,1,27
org.apache.pdfbox.tools.ExportFDF-2.0.30,5,0.0,1,12
org.apache.pdfbox.tools.ExportXFDF-2.0.30,5,0.0,1,12
org.apache.pdfbox.tools.ExtractImages-2.0.30,8,0.0,1,19
org.apache.pdfbox.tools.ExtractImages.ImageGraphicsEngine-2.0.30,27,2.0,11,50
org.apache.pdfbox.tools.ExtractText-2.0.30,28,0.0,2,47
org.apache.pdfbox.tools.ExtractXMP-2.0.30,8,0.0,1,17
org.apache.pdfbox.tools.FilteredTextStripper-2.0.30,3,3.0,1,3
org.apache.pdfbox.tools.ImageToPDF-2.0.30,7,0.0,1,32
org.apache.pdfbox.tools.ImportFDF-2.0.30,6,0.0,1,11
org.apache.pdfbox.tools.ImportXFDF-2.0.30,6,0.0,2,10
org.apache.pdfbox.tools.NullWriter-2.0.30,1,0.0,3,3
org.apache.pdfbox.tools.OverlayPDF-2.0.30,5,0.0,1,18
org.apache.pdfbox.tools.PDFBox-2.0.30,16,0.0,1,19
org.apache.pdfbox.tools.PDFMerger-2.0.30,4,0.0,1,6
org.apache.pdfbox.tools.PDFSplit-2.0.30,6,0.0,1,29
org.apache.pdfbox.tools.PDFText2HTML-2.0.30,7,3.0,6,26
org.apache.pdfbox.tools.PDFText2HTML.FontState-2.0.30,4,0.0,1,24
org.apache.pdfbox.tools.PDFToImage-2.0.30,10,0.0,1,39
org.apache.pdfbox.tools.PrintPDF-2.0.30,9,0.0,1,57
org.apache.pdfbox.tools.TestExtractText-2.0.30,1,2.0,1,1
org.apache.pdfbox.tools.TestPDFText2HTML-2.0.30,8,2.0,1,3
org.apache.pdfbox.tools.TestTextToPdf-2.0.30,4,2.0,6,7
org.apache.pdfbox.tools.TextToPDF-2.0.30,13,0.0,1,56
org.apache.pdfbox.tools.Version-2.0.30,3,0.0,1,6
org.apache.pdfbox.tools.WriteDecodedDoc-2.0.30,10,0.0,1,17
org.apache.pdfbox.tools.imageio.ImageIOUtil-2.0.30,6,0.0,1,33
org.apache.pdfbox.tools.imageio.JPEGUtil-2.0.30,2,0.0,1,8
org.apache.pdfbox.tools.imageio.MetaUtil-2.0.30,3,0.0,1,3
org.apache.pdfbox.tools.imageio.TIFFUtil-2.0.30,2,0.0,2,11
org.apache.pdfbox.tools.imageio.TestImageIOUtils-2.0.30,13,2.0,1,30
org.apache.pdfbox.util.Charsets-2.0.30,25,0.0,0,1
org.apache.pdfbox.util.DateConverter-2.0.30,6,0.0,1,51
org.apache.pdfbox.util.Hex-2.0.30,17,0.0,2,19
org.apache.pdfbox.util.IterativeMergeSort-2.0.30,3,0.0,1,14
org.apache.pdfbox.util.Matrix-2.0.30,93,0.0,3,59
org.apache.pdfbox.util.MatrixTest-2.0.30,5,0.0,11,23
org.apache.pdfbox.util.NumberFormatUtil-2.0.30,4,0.0,1,14
org.apache.pdfbox.util.SmallMap-2.0.30,3,0.0,1,42
org.apache.pdfbox.util.SmallMap.SmallMapEntry-2.0.30,1,0.0,1,8
org.apache.pdfbox.util.TestDateUtil-2.0.30,2,2.0,8,17
org.apache.pdfbox.util.TestHexUtil-2.0.30,3,2.0,5,6
org.apache.pdfbox.util.TestNumberFormatUtil-2.0.30,3,2.0,4,14
org.apache.pdfbox.util.TestSort-2.0.30,2,2.0,1,5
org.apache.pdfbox.util.Vector-2.0.30,13,0.0,1,5
org.apache.pdfbox.util.Version-2.0.30,3,0.0,1,2
org.apache.pdfbox.util.XMLUtil-2.0.30,6,0.0,2,6
org.apache.pdfbox.util.filetypedetector.ByteTrie-2.0.30,2,0.0,1,10
org.apache.pdfbox.util.filetypedetector.ByteTrie.ByteTrieNode-2.0.30,1,0.0,1,3
org.apache.pdfbox.util.filetypedetector.FileType-2.0.30,3,,2,0
org.apache.pdfbox.util.filetypedetector.FileTypeDetector-2.0.30,5,0.0,1,5
org.apache.wink.client.MockHttpServer-2.0.30,3,0.0,9,28
org.apache.wink.client.MockHttpServer.HttpProcessor-2.0.30,3,0.0,1,43
org.apache.wink.client.MockHttpServer.MockHttpServerResponse-2.0.30,2,0.0,5,12
org.apache.xmpbox.DateConverter-2.0.30,6,0.0,2,42
org.apache.xmpbox.DateConverterTest-2.0.30,1,0.0,2,2
org.apache.xmpbox.DoubleSameTypeSchemaTest-2.0.30,4,0.0,1,3
org.apache.xmpbox.SaveMetadataHelperTest-2.0.30,3,0.0,2,2
org.apache.xmpbox.TestValidatePermitedMetadata-2.0.30,6,0.0,2,9
org.apache.xmpbox.TestXMPWithDefinedSchemas-2.0.30,2,0.0,2,3
org.apache.xmpbox.XMPMetaDataTest-2.0.30,9,0.0,4,6
org.apache.xmpbox.XMPMetadata-2.0.30,100,0.0,18,44
org.apache.xmpbox.XmpConstants-2.0.30,8,0.0,0,1
org.apache.xmpbox.parser.DeserializationTest-2.0.30,12,0.0,16,20
org.apache.xmpbox.parser.PropMappingTest-2.0.30,1,0.0,1,1
org.apache.xmpbox.schema.AbstractSchemaTester-2.0.30,15,1.0,1,33
org.apache.xmpbox.schema.AbstractXMPSchemaTest-2.0.30,20,0.0,1,75
org.apache.xmpbox.schema.AdobePDFErrorsTest-2.0.30,6,0.0,1,4
org.apache.xmpbox.schema.AdobePDFSchema-2.0.30,18,4.0,6,20
org.apache.xmpbox.schema.AdobePDFTest-2.0.30,9,1.0,2,5
org.apache.xmpbox.schema.BasicJobTicketSchemaTest-2.0.30,6,0.0,1,5
org.apache.xmpbox.schema.DublinCoreSchema-2.0.30,24,4.0,19,72
org.apache.xmpbox.schema.DublinCoreTest-2.0.30,5,2.0,3,4
org.apache.xmpbox.schema.ExifSchema-2.0.30,8,4.0,1,6
org.apache.xmpbox.schema.PDFAExtensionSchema-2.0.30,8,4.0,1,3
org.apache.xmpbox.schema.PDFAIdentificationOthersTest-2.0.30,5,0.0,1,4
org.apache.xmpbox.schema.PDFAIdentificationSchema-2.0.30,19,4.0,6,30
org.apache.xmpbox.schema.PDFAIdentificationTest-2.0.30,5,1.0,2,3
org.apache.xmpbox.schema.PhotoshopSchema-2.0.30,18,4.0,20,102
org.apache.xmpbox.schema.PhotoshopSchemaTest-2.0.30,5,2.0,3,4
org.apache.xmpbox.schema.TestExifXmp-2.0.30,10,0.0,2,2
org.apache.xmpbox.schema.TiffSchema-2.0.30,10,4.0,3,16
org.apache.xmpbox.schema.XMPBasicJobTicketSchema-2.0.30,13,4.0,1,11
org.apache.xmpbox.schema.XMPBasicSchema-2.0.30,28,4.0,12,61
org.apache.xmpbox.schema.XMPBasicTest-2.0.30,6,1.0,2,3
org.apache.xmpbox.schema.XMPMediaManagementSchema-2.0.30,16,4.0,19,75
org.apache.xmpbox.schema.XMPMediaManagementTest-2.0.30,6,1.0,2,3
org.apache.xmpbox.schema.XMPRightsManagementSchema-2.0.30,12,4.0,5,28
org.apache.xmpbox.schema.XMPSchema-2.0.30,42,3.0,7,145
org.apache.xmpbox.schema.XMPSchemaFactory-2.0.30,9,0.0,2,7
org.apache.xmpbox.schema.XMPSchemaTest-2.0.30,17,0.0,1,13
org.apache.xmpbox.schema.XMPageTextSchema-2.0.30,4,4.0,0,2
org.apache.xmpbox.schema.XmpRightsSchemaTest-2.0.30,6,1.0,2,3
org.apache.xmpbox.schema.XmpSchemaException-2.0.30,4,0.0,0,2
org.apache.xmpbox.type.AbstractComplexProperty-2.0.30,39,1.0,2,14
org.apache.xmpbox.type.AbstractField-2.0.30,30,0.0,5,9
org.apache.xmpbox.type.AbstractSimpleProperty-2.0.30,19,1.0,6,5
org.apache.xmpbox.type.AbstractStructuredType-2.0.30,53,2.0,4,19
org.apache.xmpbox.type.AbstractStructuredTypeTester-2.0.30,14,1.0,2,17
org.apache.xmpbox.type.AbstractTypeTester-2.0.30,8,0.0,4,18
org.apache.xmpbox.type.AgentNameType-2.0.30,9,3.0,0,1
org.apache.xmpbox.type.ArrayProperty-2.0.30,27,2.0,4,6
org.apache.xmpbox.type.Attribute-2.0.30,10,0.0,3,8
org.apache.xmpbox.type.AttributeTest-2.0.30,1,0.0,2,2
org.apache.xmpbox.type.BadFieldValueException-2.0.30,14,0.0,0,2
org.apache.xmpbox.type.BooleanType-2.0.30,10,2.0,1,9
org.apache.xmpbox.type.CFAPatternType-2.0.30,4,3.0,0,1
org.apache.xmpbox.type.Cardinality-2.0.30,40,,3,2
org.apache.xmpbox.type.ChoiceType-2.0.30,8,3.0,0,1
org.apache.xmpbox.type.ComplexPropertyContainer-2.0.30,12,0.0,1,24
org.apache.xmpbox.type.DateType-2.0.30,14,2.0,1,12
org.apache.xmpbox.type.DefinedStructuredType-2.0.30,5,3.0,1,4
org.apache.xmpbox.type.DeviceSettingsType-2.0.30,4,3.0,0,1
org.apache.xmpbox.type.DimensionsType-2.0.30,3,3.0,0,1
org.apache.xmpbox.type.FlashType-2.0.30,3,3.0,0,1
org.apache.xmpbox.type.GPSCoordinateType-2.0.30,2,3.0,0,1
org.apache.xmpbox.type.GUIDType-2.0.30,5,3.0,0,1
org.apache.xmpbox.type.IntegerType-2.0.30,15,2.0,1,6
org.apache.xmpbox.type.JobType-2.0.30,8,3.0,3,8
org.apache.xmpbox.type.LayerType-2.0.30,11,3.0,2,7
org.apache.xmpbox.type.LocaleType-2.0.30,5,3.0,0,1
org.apache.xmpbox.type.MIMEType-2.0.30,6,3.0,0,1
org.apache.xmpbox.type.OECFType-2.0.30,5,3.0,0,1
org.apache.xmpbox.type.PDFAFieldType-2.0.30,7,3.0,3,7
org.apache.xmpbox.type.PDFAPropertyType-2.0.30,8,3.0,4,9
org.apache.xmpbox.type.PDFASchemaType-2.0.30,9,3.0,4,7
org.apache.xmpbox.type.PDFATypeType-2.0.30,9,3.0,5,10
org.apache.xmpbox.type.PartType-2.0.30,6,3.0,0,1
org.apache.xmpbox.type.ProperNameType-2.0.30,7,3.0,0,1
org.apache.xmpbox.type.PropertiesDescription-2.0.30,6,0.0,1,4
org.apache.xmpbox.type.RationalType-2.0.30,3,3.0,0,1
org.apache.xmpbox.type.RealType-2.0.30,5,2.0,1,6
org.apache.xmpbox.type.RenditionClassType-2.0.30,7,3.0,0,1
org.apache.xmpbox.type.ResourceEventType-2.0.30,7,3.0,6,13
org.apache.xmpbox.type.ResourceRefType-2.0.30,17,3.0,16,51
org.apache.xmpbox.type.TestAbstractStructuredType-2.0.30,4,0.0,1,6
org.apache.xmpbox.type.TestAbstractStructuredType.MyStructuredType-2.0.30,5,3.0,0,1
org.apache.xmpbox.type.TestDerivedType-2.0.30,14,0.0,2,5
org.apache.xmpbox.type.TestJobType-2.0.30,4,2.0,3,4
org.apache.xmpbox.type.TestLayerType-2.0.30,4,2.0,3,4
org.apache.xmpbox.type.TestResourceEventType-2.0.30,4,2.0,3,4
org.apache.xmpbox.type.TestResourceRefType-2.0.30,4,2.0,3,4
org.apache.xmpbox.type.TestSimpleMetadataProperties-2.0.30,10,0.0,2,11
org.apache.xmpbox.type.TestThumbnailType-2.0.30,4,2.0,3,4
org.apache.xmpbox.type.TestVersionType-2.0.30,4,2.0,3,4
org.apache.xmpbox.type.TextType-2.0.30,43,2.0,1,5
org.apache.xmpbox.type.ThumbnailType-2.0.30,16,3.0,4,13
org.apache.xmpbox.type.TypeMapping-2.0.30,54,0.0,1,50
org.apache.xmpbox.type.Types-2.0.30,68,,6,7
org.apache.xmpbox.type.URIType-2.0.30,11,3.0,0,1
org.apache.xmpbox.type.URLType-2.0.30,9,3.0,0,1
org.apache.xmpbox.type.VersionType-2.0.30,7,3.0,6,11
org.apache.xmpbox.type.XPathType-2.0.30,5,3.0,0,1
org.apache.xmpbox.xml.DomHelper-2.0.30,4,0.0,6,14
org.apache.xmpbox.xml.DomXmpParser-2.0.30,35,0.0,2,112
org.apache.xmpbox.xml.DomXmpParser.NamespaceFinder-2.0.30,1,0.0,1,7
org.apache.xmpbox.xml.PdfaExtensionHelper-2.0.30,22,0.0,2,44
org.apache.xmpbox.xml.XmpParsingException-2.0.30,9,0.0,1,3
org.apache.xmpbox.xml.XmpParsingException.ErrorType-2.0.30,7,,2,0
org.apache.xmpbox.xml.XmpSerializationException-2.0.30,1,0.0,0,2
org.apache.xmpbox.xml.XmpSerializer-2.0.30,15,0.0,1,27
